Logger-id	Date_time	Lumar	ImagerZ1	SZX12_R	M165FC	SZX12_L	Axioplan2
1wire_logger	2024-05-31T16:45:01	23.88	51.56	31.69	24.19	24.19	23.69
1wire_logger	2024-05-31T17:00:01	23.88	51.50	31.62	24.19	24.25	23.69
1wire_logger	2024-05-31T17:15:01	23.88	50.88	32.12	24.31	24.50	23.94
1wire_logger	2024-05-31T17:30:01	24.00	51.19	32.25	24.44	24.75	24.00
1wire_logger	2024-05-31T17:45:01	24.06	48.06	31.81	24.38	24.62	24.06
1wire_logger	2024-05-31T18:00:01	24.00	38.00	30.50	24.88	24.44	24.19
1wire_logger	2024-05-31T18:15:01	23.94	33.25	28.44	24.38	24.44	24.00
1wire_logger	2024-05-31T18:30:01	23.81	30.00	27.12	24.31	24.31	23.94
1wire_logger	2024-05-31T18:45:01	23.75	27.94	26.31	24.19	24.25	23.94
1wire_logger	2024-05-31T19:00:01	23.69	26.75	25.62	24.12	24.12	23.88
1wire_logger	2024-05-31T19:15:01	23.62	26.00	25.25	24.06	24.06	23.81
1wire_logger	2024-05-31T19:30:01	23.56	25.50	24.88	24.06	24.00	23.75
1wire_logger	2024-05-31T19:45:01	23.50	25.12	24.56	24.00	23.88	23.69
1wire_logger	2024-05-31T20:00:01	23.56	25.00	26.88	23.94	23.94	23.69
1wire_logger	2024-05-31T20:15:01	23.50	36.06	28.69	23.88	23.75	23.56
1wire_logger	2024-05-31T20:30:01	23.50	43.50	30.00	23.94	23.88	23.62
1wire_logger	2024-05-31T20:45:01	23.56	47.81	30.69	24.00	23.94	23.62
1wire_logger	2024-05-31T21:00:01	23.56	49.25	30.62	23.94	23.88	23.62
1wire_logger	2024-05-31T21:15:01	23.62	49.88	31.12	24.06	24.06	23.69
1wire_logger	2024-05-31T21:30:01	23.69	50.12	31.31	24.12	24.12	23.75
1wire_logger	2024-05-31T21:45:01	23.69	51.25	31.56	24.12	24.12	23.75
1wire_logger	2024-05-31T22:00:01	23.75	50.56	31.81	24.25	24.25	23.81
1wire_logger	2024-05-31T22:15:01	23.75	45.56	30.56	24.12	24.19	23.81
1wire_logger	2024-05-31T22:30:01	23.69	36.31	27.94	24.06	24.06	23.75
1wire_logger	2024-05-31T22:45:01	23.56	31.56	26.62	24.00	24.00	23.75
1wire_logger	2024-05-31T23:00:01	23.50	28.81	25.75	23.88	23.94	23.69
1wire_logger	2024-05-31T23:15:01	23.38	27.00	25.19	23.81	23.88	23.56
1wire_logger	2024-05-31T23:30:01	23.31	25.88	24.62	23.75	23.75	23.50
1wire_logger	2024-05-31T23:45:01	23.19	25.12	24.19	23.62	23.69	23.38
1wire_logger	2024-06-01T00:00:01	23.12	24.69	23.81	23.56	23.56	23.31
1wire_logger	2024-06-01T00:15:02	23.00	24.31	23.44	23.44	23.44	23.19
1wire_logger	2024-06-01T00:30:02	22.94	23.94	23.19	23.31	23.38	23.06
1wire_logger	2024-06-01T00:45:02	22.81	23.69	23.06	23.25	23.31	23.00
1wire_logger	2024-06-01T01:00:02	22.75	23.44	22.81	23.12	23.19	22.94
1wire_logger	2024-06-01T01:15:02	22.69	23.31	22.69	23.06	23.06	22.81
1wire_logger	2024-06-01T01:30:02	22.56	23.06	22.56	23.00	23.06	22.75
1wire_logger	2024-06-01T01:45:01	22.50	22.94	22.44	22.88	23.00	22.69
1wire_logger	2024-06-01T02:00:01	22.44	22.81	22.38	22.81	22.81	22.56
1wire_logger	2024-06-01T02:15:01	22.38	22.69	22.31	22.75	22.75	22.50
1wire_logger	2024-06-01T02:30:02	22.31	22.62	22.12	22.62	22.69	22.44
1wire_logger	2024-06-01T02:45:02	22.25	22.50	22.19	22.62	22.56	22.31
1wire_logger	2024-06-01T03:00:01	22.19	22.38	22.06	22.50	22.50	22.25
1wire_logger	2024-06-01T03:15:01	22.12	22.31	22.00	22.44	22.44	22.19
1wire_logger	2024-06-01T03:30:01	22.06	22.25	21.94	22.38	22.38	22.12
1wire_logger	2024-06-01T03:45:01	22.00	22.19	21.88	22.31	22.31	22.06
1wire_logger	2024-06-01T04:00:02	21.94	22.12	21.75	22.31	22.25	22.00
1wire_logger	2024-06-01T04:15:01	21.88	22.06	21.75	22.25	22.19	21.94
1wire_logger	2024-06-01T04:30:01	21.81	22.00	21.69	22.19	22.19	21.88
1wire_logger	2024-06-01T04:45:01	21.75	21.94	21.62	22.12	22.12	21.88
1wire_logger	2024-06-01T05:00:01	21.75	21.88	21.56	22.06	22.12	21.81
1wire_logger	2024-06-01T05:15:01	21.69	21.88	21.50	22.00	22.06	21.75
1wire_logger	2024-06-01T05:30:01	21.62	21.81	21.50	22.00	22.00	21.75
1wire_logger	2024-06-01T05:45:01	21.62	21.75	21.44	21.94	22.00	21.69
1wire_logger	2024-06-01T06:00:01	21.56	21.69	21.44	21.88	22.00	21.62
1wire_logger	2024-06-01T06:15:01	21.50	21.69	21.38	21.88	21.94	21.62
1wire_logger	2024-06-01T06:30:01	21.50	21.62	21.31	21.81	21.94	21.56
1wire_logger	2024-06-01T06:45:01	21.44	21.56	21.25	21.81	21.81	21.56
1wire_logger	2024-06-01T07:00:01	21.44	21.50	21.25	21.75	21.81	21.50
1wire_logger	2024-06-01T07:15:01	21.38	21.50	21.19	21.75	21.81	21.50
1wire_logger	2024-06-01T07:30:01	21.38	21.44	21.19	21.69	21.75	21.44
1wire_logger	2024-06-01T07:45:01	21.31	21.44	21.19	21.69	21.75	21.44
1wire_logger	2024-06-01T08:00:01	21.31	21.38	21.12	21.62	21.75	21.38
1wire_logger	2024-06-01T08:15:01	21.31	21.38	21.12	21.62	21.75	21.38
1wire_logger	2024-06-01T08:30:01	21.25	21.31	21.06	21.62	21.69	21.38
1wire_logger	2024-06-01T08:45:01	21.25	21.31	21.06	21.56	21.69	21.38
1wire_logger	2024-06-01T09:00:01	21.25	21.31	21.06	21.56	21.69	21.31
1wire_logger	2024-06-01T09:15:01	21.25	21.25	21.00	21.56	21.69	21.31
1wire_logger	2024-06-01T09:30:01	21.19	21.25	21.00	21.56	21.62	21.25
1wire_logger	2024-06-01T09:45:01	21.19	21.25	21.00	21.56	21.62	21.25
1wire_logger	2024-06-01T10:00:01	21.25	21.44	23.88	21.56	21.69	21.31
1wire_logger	2024-06-01T10:15:01	21.25	21.44	24.12	21.56	21.56	21.25
1wire_logger	2024-06-01T10:30:01	21.25	21.44	23.19	21.56	21.50	21.25
1wire_logger	2024-06-01T10:45:01	21.25	21.44	22.38	21.56	21.56	21.25
1wire_logger	2024-06-01T11:00:01	21.19	21.38	21.94	21.56	21.56	21.25
1wire_logger	2024-06-01T11:15:01	21.19	21.38	22.50	21.56	21.50	21.25
1wire_logger	2024-06-01T11:30:01	21.25	21.56	25.69	21.56	21.56	21.25
1wire_logger	2024-06-01T11:45:01	21.25	21.75	26.94	21.56	21.50	21.19
1wire_logger	2024-06-01T12:00:01	21.25	21.75	25.69	21.56	21.50	21.19
1wire_logger	2024-06-01T12:15:02	21.25	21.62	24.19	21.62	21.50	21.25
1wire_logger	2024-06-01T12:30:02	21.25	21.56	23.25	21.56	21.44	21.19
1wire_logger	2024-06-01T12:45:02	21.25	21.50	22.44	21.56	21.50	21.19
1wire_logger	2024-06-01T13:00:02	21.19	21.44	22.00	21.56	21.50	21.25
1wire_logger	2024-06-01T13:15:01	21.19	21.38	21.75	21.56	21.56	21.19
1wire_logger	2024-06-01T13:30:02	21.19	21.44	24.62	21.56	21.44	21.19
1wire_logger	2024-06-01T13:45:01	21.25	21.69	26.19	21.56	21.44	21.19
1wire_logger	2024-06-01T14:00:01	21.19	21.88	27.12	21.56	21.44	21.19
1wire_logger	2024-06-01T14:15:02	21.25	22.00	27.56	21.56	21.44	21.19
1wire_logger	2024-06-01T14:30:02	21.25	22.00	27.94	21.56	21.50	21.19
1wire_logger	2024-06-01T14:45:02	21.25	22.19	28.25	21.62	21.62	21.31
1wire_logger	2024-06-01T15:00:01	21.31	22.31	28.19	21.69	21.69	21.31
1wire_logger	2024-06-01T15:15:01	21.31	22.25	28.25	21.62	21.69	21.31
1wire_logger	2024-06-01T15:30:01	21.31	22.31	28.31	21.69	21.62	21.31
1wire_logger	2024-06-01T15:45:02	21.31	22.31	27.94	21.69	21.62	21.31
1wire_logger	2024-06-01T16:00:02	21.31	22.31	28.00	21.69	21.62	21.31
1wire_logger	2024-06-01T16:15:02	21.31	22.31	28.19	21.69	21.62	21.31
1wire_logger	2024-06-01T16:30:02	21.31	22.31	27.94	21.69	21.62	21.31
1wire_logger	2024-06-01T16:45:01	21.31	22.31	28.19	21.69	21.62	21.31
1wire_logger	2024-06-01T17:00:01	21.31	22.31	27.88	21.69	21.62	21.31
1wire_logger	2024-06-01T17:15:02	21.38	22.25	28.06	21.69	21.62	21.31
1wire_logger	2024-06-01T17:30:01	21.38	22.31	27.88	21.69	21.62	21.31
1wire_logger	2024-06-01T17:45:01	21.38	22.31	27.81	21.69	21.62	21.31
1wire_logger	2024-06-01T18:00:02	21.31	22.31	28.00	21.69	21.62	21.31
1wire_logger	2024-06-01T18:15:01	21.31	22.31	28.06	21.69	21.62	21.31
1wire_logger	2024-06-01T18:30:02	21.38	22.31	28.06	21.69	21.62	21.31
1wire_logger	2024-06-01T18:45:01	21.38	22.31	28.25	21.69	21.62	21.31
1wire_logger	2024-06-01T19:00:01	21.31	22.38	28.12	21.69	21.62	21.31
1wire_logger	2024-06-01T19:15:02	21.38	22.31	28.25	21.69	21.62	21.31
1wire_logger	2024-06-01T19:30:02	21.31	22.19	26.44	21.62	21.62	21.31
1wire_logger	2024-06-01T19:45:02	21.31	22.06	24.56	21.69	21.56	21.31
1wire_logger	2024-06-01T20:00:01	21.31	21.94	23.75	21.75	21.56	21.31
1wire_logger	2024-06-01T20:15:01	21.31	21.88	23.06	21.69	21.56	21.31
1wire_logger	2024-06-01T20:30:01	21.31	21.81	22.56	21.69	21.56	21.25
1wire_logger	2024-06-01T20:45:02	21.25	21.69	22.12	21.69	21.56	21.25
1wire_logger	2024-06-01T21:00:02	21.25	21.62	21.81	21.62	21.50	21.25
1wire_logger	2024-06-01T21:15:01	21.25	21.56	21.62	21.62	21.56	21.25
1wire_logger	2024-06-01T21:30:01	21.19	21.50	21.50	21.56	21.50	21.25
1wire_logger	2024-06-01T21:45:01	21.19	21.44	21.44	21.56	21.56	21.25
1wire_logger	2024-06-01T22:00:01	21.12	21.38	21.31	21.56	21.56	21.19
1wire_logger	2024-06-01T22:15:02	21.12	21.31	21.19	21.50	21.50	21.19
1wire_logger	2024-06-01T22:30:02	21.12	21.31	21.12	21.50	21.50	21.19
1wire_logger	2024-06-01T22:45:01	21.06	21.25	21.12	21.44	21.44	21.12
1wire_logger	2024-06-01T23:00:01	21.06	21.19	21.06	21.44	21.38	21.12
1wire_logger	2024-06-01T23:15:01	21.00	21.19	21.00	21.38	21.31	21.06
1wire_logger	2024-06-01T23:30:01	21.00	21.12	20.94	21.38	21.25	21.00
1wire_logger	2024-06-01T23:45:02	21.00	21.12	20.88	21.31	21.25	21.00
1wire_logger	2024-06-02T00:00:01	20.94	21.06	20.88	21.31	21.25	20.94
1wire_logger	2024-06-02T00:15:02	20.94	21.00	20.81	21.25	21.19	20.94
1wire_logger	2024-06-02T00:30:02	20.88	21.00	20.81	21.25	21.19	20.94
1wire_logger	2024-06-02T00:45:02	20.88	20.94	20.75	21.25	21.19	20.88
1wire_logger	2024-06-02T01:00:02	20.88	20.94	20.75	21.19	21.19	20.88
1wire_logger	2024-06-02T01:15:01	20.81	20.94	20.69	21.19	21.19	20.88
1wire_logger	2024-06-02T01:30:01	20.81	20.88	20.69	21.19	21.19	20.88
1wire_logger	2024-06-02T01:45:01	20.81	20.88	20.69	21.12	21.19	20.81
1wire_logger	2024-06-02T02:00:02	20.75	20.81	20.62	21.12	21.19	20.81
1wire_logger	2024-06-02T02:15:02	20.75	20.81	20.62	21.06	21.19	20.81
1wire_logger	2024-06-02T02:30:02	20.75	20.81	20.62	21.06	21.12	20.81
1wire_logger	2024-06-02T02:45:02	20.69	20.75	20.56	21.06	21.19	20.81
1wire_logger	2024-06-02T03:00:01	20.69	20.75	20.56	21.06	21.19	20.75
1wire_logger	2024-06-02T03:15:01	20.69	20.75	20.56	21.00	21.12	20.75
1wire_logger	2024-06-02T03:30:01	20.62	20.69	20.56	21.00	21.12	20.75
1wire_logger	2024-06-02T03:45:02	20.62	20.69	20.50	20.94	21.12	20.75
1wire_logger	2024-06-02T04:00:02	20.62	20.69	20.50	20.94	21.06	20.75
1wire_logger	2024-06-02T04:15:01	20.62	20.69	20.50	20.94	21.12	20.69
1wire_logger	2024-06-02T04:30:02	20.56	20.62	20.50	20.94	21.06	20.69
1wire_logger	2024-06-02T04:45:02	20.56	20.62	20.44	20.88	21.06	20.69
1wire_logger	2024-06-02T05:00:01	20.56	20.62	20.44	20.88	21.06	20.69
1wire_logger	2024-06-02T05:15:01	20.56	20.62	20.44	20.88	21.06	20.69
1wire_logger	2024-06-02T05:30:01	20.56	20.56	20.44	20.88	21.06	20.69
1wire_logger	2024-06-02T05:45:01	20.50	20.56	20.38	20.81	21.00	20.62
1wire_logger	2024-06-02T06:00:02	20.50	20.56	20.38	20.81	21.06	20.62
1wire_logger	2024-06-02T06:15:02	20.50	20.56	20.38	20.81	21.00	20.62
1wire_logger	2024-06-02T06:30:02	20.50	20.50	20.38	20.81	21.00	20.62
1wire_logger	2024-06-02T06:45:02	20.44	20.50	20.38	20.81	21.00	20.62
1wire_logger	2024-06-02T07:00:01	20.44	20.50	20.38	20.75	21.00	20.56
1wire_logger	2024-06-02T07:15:01	20.44	20.50	20.38	20.75	21.00	20.56
1wire_logger	2024-06-02T07:30:01	20.44	20.44	20.31	20.75	21.00	20.56
1wire_logger	2024-06-02T07:45:01	20.44	20.44	20.31	20.75	20.94	20.56
1wire_logger	2024-06-02T08:00:02	20.38	20.44	20.25	20.75	20.94	20.56
1wire_logger	2024-06-02T08:15:01	20.38	20.44	20.31	20.69	20.94	20.50
1wire_logger	2024-06-02T08:30:01	20.38	20.44	20.31	20.69	20.94	20.50
1wire_logger	2024-06-02T08:45:01	20.38	20.44	20.25	20.69	20.94	20.50
1wire_logger	2024-06-02T09:00:01	20.38	20.38	20.25	20.69	20.94	20.50
1wire_logger	2024-06-02T09:15:02	20.38	20.38	20.25	20.62	20.94	20.50
1wire_logger	2024-06-02T09:30:01	20.31	20.38	20.25	20.62	20.88	20.50
1wire_logger	2024-06-02T09:45:02	20.31	20.38	20.25	20.62	20.94	20.50
1wire_logger	2024-06-02T10:00:02	20.31	20.38	20.25	20.62	20.88	20.50
1wire_logger	2024-06-02T10:15:02	20.31	20.38	20.25	20.62	20.88	20.50
1wire_logger	2024-06-02T10:30:01	20.31	20.38	20.19	20.62	20.88	20.44
1wire_logger	2024-06-02T10:45:01	20.31	20.31	20.19	20.62	20.88	20.44
1wire_logger	2024-06-02T11:00:01	20.31	20.38	20.19	20.62	20.88	20.44
1wire_logger	2024-06-02T11:15:01	20.31	20.31	20.19	20.62	20.88	20.44
1wire_logger	2024-06-02T11:30:01	20.31	20.31	20.19	20.62	20.88	20.44
1wire_logger	2024-06-02T11:45:01	20.31	20.38	20.69	20.62	20.88	20.44
1wire_logger	2024-06-02T12:00:02	20.38	20.62	24.38	20.69	20.94	20.50
1wire_logger	2024-06-02T12:15:02	20.38	20.81	26.06	20.69	20.88	20.50
1wire_logger	2024-06-02T12:30:01	20.38	20.94	27.06	20.69	20.88	20.50
1wire_logger	2024-06-02T12:45:01	20.44	21.12	27.38	20.75	20.94	20.50
1wire_logger	2024-06-02T13:00:01	20.44	21.25	27.50	20.75	20.94	20.50
1wire_logger	2024-06-02T13:15:01	20.56	21.31	27.88	20.81	21.00	20.56
1wire_logger	2024-06-02T13:30:01	20.56	21.44	28.06	20.88	21.06	20.62
1wire_logger	2024-06-02T13:45:02	20.56	21.50	27.88	20.94	21.06	20.62
1wire_logger	2024-06-02T14:00:02	20.62	21.56	27.94	20.94	21.12	20.62
1wire_logger	2024-06-02T14:15:01	20.62	21.56	28.12	20.94	21.12	20.62
1wire_logger	2024-06-02T14:30:01	20.62	21.62	28.06	20.94	21.12	20.69
1wire_logger	2024-06-02T14:45:01	20.69	21.69	29.38	21.00	21.19	20.75
1wire_logger	2024-06-02T15:00:02	20.75	21.62	30.25	21.06	21.19	20.75
1wire_logger	2024-06-02T15:15:02	20.81	33.25	30.50	21.12	21.25	20.81
1wire_logger	2024-06-02T15:30:02	20.88	41.94	30.75	21.25	21.38	20.94
1wire_logger	2024-06-02T15:45:02	20.94	44.31	30.94	21.25	21.38	20.94
1wire_logger	2024-06-02T16:00:01	21.00	46.44	31.06	21.44	21.62	21.06
1wire_logger	2024-06-02T16:15:01	21.06	46.88	31.25	21.44	21.56	21.06
1wire_logger	2024-06-02T16:30:01	21.12	47.94	31.31	21.50	21.62	21.12
1wire_logger	2024-06-02T16:45:01	21.19	47.44	31.44	21.56	21.69	21.19
1wire_logger	2024-06-02T17:00:01	21.31	47.94	31.50	21.69	21.81	21.31
1wire_logger	2024-06-02T17:15:01	21.38	48.56	31.62	21.69	21.88	21.38
1wire_logger	2024-06-02T17:30:01	21.44	48.75	31.69	21.75	21.94	21.44
1wire_logger	2024-06-02T17:45:01	21.50	48.56	31.75	21.94	22.06	21.44
1wire_logger	2024-06-02T18:00:01	21.56	48.69	31.88	22.00	22.12	21.56
1wire_logger	2024-06-02T18:15:01	21.69	48.69	31.94	22.06	22.19	21.62
1wire_logger	2024-06-02T18:30:01	21.69	49.19	32.06	22.12	22.25	21.69
1wire_logger	2024-06-02T18:45:01	21.75	49.06	32.06	22.06	22.25	21.75
1wire_logger	2024-06-02T19:00:01	21.75	48.81	32.06	22.12	22.25	21.75
1wire_logger	2024-06-02T19:15:01	21.88	49.12	28.12	22.31	22.38	21.81
1wire_logger	2024-06-02T19:30:01	21.94	49.44	26.31	22.38	22.44	21.94
1wire_logger	2024-06-02T19:45:01	21.88	39.81	25.12	22.19	22.38	21.94
1wire_logger	2024-06-02T20:00:01	21.81	32.62	24.25	22.19	22.38	21.94
1wire_logger	2024-06-02T20:15:01	21.75	28.75	23.75	22.12	22.31	21.94
1wire_logger	2024-06-02T20:30:01	21.69	26.31	23.31	22.12	22.25	21.88
1wire_logger	2024-06-02T20:45:01	21.69	24.94	23.00	22.12	22.19	21.81
1wire_logger	2024-06-02T21:00:01	21.62	24.06	22.69	22.06	22.12	21.81
1wire_logger	2024-06-02T21:15:01	21.62	23.44	22.44	22.00	22.06	21.75
1wire_logger	2024-06-02T21:30:01	21.56	23.06	22.12	22.00	22.00	21.69
1wire_logger	2024-06-02T21:45:01	21.56	22.75	22.00	21.94	21.94	21.69
1wire_logger	2024-06-02T22:00:01	21.50	22.56	21.75	21.88	21.94	21.62
1wire_logger	2024-06-02T22:15:01	21.44	22.38	21.69	21.88	21.88	21.56
1wire_logger	2024-06-02T22:30:01	21.44	22.19	21.62	21.81	21.81	21.50
1wire_logger	2024-06-02T22:45:01	21.38	22.06	21.50	21.75	21.75	21.50
1wire_logger	2024-06-02T23:00:01	21.31	21.94	21.44	21.69	21.69	21.44
1wire_logger	2024-06-02T23:15:01	21.31	21.81	21.38	21.62	21.62	21.38
1wire_logger	2024-06-02T23:30:01	21.25	21.69	21.25	21.56	21.50	21.31
1wire_logger	2024-06-02T23:45:02	21.25	21.62	21.25	21.56	21.50	21.25
1wire_logger	2024-06-03T00:00:01	21.19	21.50	21.19	21.50	21.44	21.19
1wire_logger	2024-06-03T00:15:01	21.12	21.44	21.12	21.50	21.38	21.19
1wire_logger	2024-06-03T00:30:01	21.12	21.38	21.06	21.44	21.38	21.12
1wire_logger	2024-06-03T00:45:01	21.06	21.31	21.00	21.44	21.31	21.06
1wire_logger	2024-06-03T01:00:02	21.00	21.25	20.94	21.38	21.25	21.06
1wire_logger	2024-06-03T01:15:01	20.94	21.19	20.94	21.38	21.25	21.00
1wire_logger	2024-06-03T01:30:02	20.94	21.12	20.88	21.31	21.19	20.94
1wire_logger	2024-06-03T01:45:02	20.88	21.06	20.81	21.25	21.19	20.94
1wire_logger	2024-06-03T02:00:01	20.88	21.06	20.81	21.25	21.12	20.88
1wire_logger	2024-06-03T02:15:01	20.81	21.00	20.75	21.19	21.12	20.81
1wire_logger	2024-06-03T02:30:01	20.81	21.00	20.75	21.12	21.12	20.81
1wire_logger	2024-06-03T02:45:01	20.75	20.94	20.75	21.12	21.12	20.81
1wire_logger	2024-06-03T03:00:02	20.75	20.94	20.69	21.06	21.06	20.75
1wire_logger	2024-06-03T03:15:02	20.69	20.94	20.69	21.06	21.06	20.69
1wire_logger	2024-06-03T03:30:02	20.69	20.88	20.62	21.00	21.00	20.69
1wire_logger	2024-06-03T03:45:02	20.69	20.81	20.62	21.00	21.00	20.69
1wire_logger	2024-06-03T04:00:02	20.62	20.81	20.56	21.00	21.00	20.62
1wire_logger	2024-06-03T04:15:01	20.62	20.75	20.56	20.94	21.00	20.62
1wire_logger	2024-06-03T04:30:01	20.56	20.75	20.50	20.94	21.00	20.62
1wire_logger	2024-06-03T04:45:01	20.56	20.69	20.50	20.94	20.94	20.56
1wire_logger	2024-06-03T05:00:01	20.56	20.69	20.50	20.88	20.94	20.56
1wire_logger	2024-06-03T05:15:01	20.50	20.69	20.44	20.88	20.94	20.56
1wire_logger	2024-06-03T05:30:01	20.50	20.62	20.44	20.81	20.88	20.56
1wire_logger	2024-06-03T05:45:01	20.50	20.62	20.38	20.81	20.88	20.50
1wire_logger	2024-06-03T06:00:01	20.44	20.56	20.38	20.81	20.88	20.50
1wire_logger	2024-06-03T06:15:01	20.44	20.56	20.38	20.75	20.88	20.50
1wire_logger	2024-06-03T06:30:01	20.44	20.56	20.31	20.75	20.81	20.44
1wire_logger	2024-06-03T06:45:01	20.38	20.50	20.31	20.75	20.81	20.44
1wire_logger	2024-06-03T07:00:01	20.38	20.50	20.31	20.69	20.81	20.44
1wire_logger	2024-06-03T07:15:01	20.38	20.50	20.25	20.69	20.81	20.38
1wire_logger	2024-06-03T07:30:01	20.38	20.44	20.25	20.69	20.81	20.38
1wire_logger	2024-06-03T07:45:01	20.38	20.50	20.38	20.69	20.81	20.44
1wire_logger	2024-06-03T08:00:01	20.44	20.50	20.44	20.69	20.94	20.44
1wire_logger	2024-06-03T08:15:01	20.44	20.56	20.50	20.75	20.94	20.44
1wire_logger	2024-06-03T08:30:01	20.56	20.62	20.56	20.81	21.00	20.50
1wire_logger	2024-06-03T08:45:01	20.56	20.62	20.56	20.81	21.00	20.50
1wire_logger	2024-06-03T09:00:01	20.56	20.62	20.56	20.81	21.06	20.56
1wire_logger	2024-06-03T09:15:01	20.56	20.69	20.62	20.88	21.06	20.56
1wire_logger	2024-06-03T09:30:01	20.62	20.75	22.25	20.94	21.12	20.56
1wire_logger	2024-06-03T09:45:01	20.69	20.88	25.31	21.00	21.19	20.62
1wire_logger	2024-06-03T10:00:01	20.81	21.00	26.94	21.06	21.19	20.69
1wire_logger	2024-06-03T10:15:01	20.81	21.12	27.62	21.12	21.25	20.75
1wire_logger	2024-06-03T10:30:01	20.94	21.56	28.12	21.19	21.38	20.81
1wire_logger	2024-06-03T10:45:01	21.00	21.75	28.38	21.31	21.44	20.88
1wire_logger	2024-06-03T11:00:01	21.06	21.88	28.69	21.31	21.44	20.94
1wire_logger	2024-06-03T11:15:02	21.12	21.94	28.88	21.44	21.50	21.00
1wire_logger	2024-06-03T11:30:02	21.19	21.94	28.88	21.44	21.56	21.00
1wire_logger	2024-06-03T11:45:02	21.25	22.12	28.44	21.50	21.69	21.06
1wire_logger	2024-06-03T12:00:01	21.25	22.25	28.75	21.50	21.69	21.12
1wire_logger	2024-06-03T12:15:01	21.31	22.25	29.12	21.56	21.69	21.19
1wire_logger	2024-06-03T12:30:01	21.38	22.31	29.12	21.56	21.75	21.25
1wire_logger	2024-06-03T12:45:01	21.38	22.25	29.06	21.62	21.75	21.25
1wire_logger	2024-06-03T13:00:02	21.38	22.25	29.19	21.62	21.81	21.31
1wire_logger	2024-06-03T13:15:02	21.38	22.31	29.06	21.69	21.81	21.31
1wire_logger	2024-06-03T13:30:02	21.44	22.31	29.19	21.69	21.88	21.38
1wire_logger	2024-06-03T13:45:01	21.44	22.38	29.19	21.69	21.88	21.38
1wire_logger	2024-06-03T14:00:01	21.56	22.31	28.94	21.81	21.94	21.44
1wire_logger	2024-06-03T14:15:01	21.69	22.75	29.00	22.00	22.12	21.50
1wire_logger	2024-06-03T14:30:01	21.75	23.38	29.38	22.06	22.19	21.56
1wire_logger	2024-06-03T14:45:01	21.81	23.75	29.56	22.06	22.25	21.62
1wire_logger	2024-06-03T15:00:01	21.88	23.69	29.44	22.06	22.25	21.69
1wire_logger	2024-06-03T15:15:02	21.88	23.50	29.44	22.12	22.31	21.75
1wire_logger	2024-06-03T15:30:02	21.94	23.44	29.62	22.12	22.38	21.81
1wire_logger	2024-06-03T15:45:02	21.94	23.31	29.75	22.12	22.38	21.81
1wire_logger	2024-06-03T16:00:01	21.94	23.38	29.62	22.12	22.38	21.88
1wire_logger	2024-06-03T16:15:01	22.00	23.38	29.56	22.19	22.44	21.88
1wire_logger	2024-06-03T16:30:01	22.12	23.44	29.62	22.31	22.50	21.94
1wire_logger	2024-06-03T16:45:01	22.12	23.50	29.56	22.38	22.56	22.00
1wire_logger	2024-06-03T17:00:01	22.12	23.56	29.56	22.44	22.56	22.00
1wire_logger	2024-06-03T17:15:02	22.19	23.50	29.75	22.50	22.69	22.06
1wire_logger	2024-06-03T17:30:02	22.12	23.44	29.62	22.38	22.62	22.06
1wire_logger	2024-06-03T17:45:01	22.12	23.38	29.94	22.44	22.62	22.12
1wire_logger	2024-06-03T18:00:01	22.12	23.38	29.12	22.44	22.62	22.12
1wire_logger	2024-06-03T18:15:01	22.12	23.19	26.62	22.44	22.62	22.12
1wire_logger	2024-06-03T18:30:01	22.06	23.00	25.25	22.44	22.62	22.12
1wire_logger	2024-06-03T18:45:01	22.06	22.94	24.31	22.44	22.56	22.12
1wire_logger	2024-06-03T19:00:02	22.06	22.81	23.81	22.44	22.50	22.12
1wire_logger	2024-06-03T19:15:02	22.00	22.75	23.38	22.44	22.44	22.06
1wire_logger	2024-06-03T19:30:01	22.00	22.69	23.12	22.44	22.38	22.06
1wire_logger	2024-06-03T19:45:01	22.00	22.56	22.88	22.44	22.38	22.00
1wire_logger	2024-06-03T20:00:01	22.00	22.56	22.69	22.38	22.38	22.00
1wire_logger	2024-06-03T20:15:01	21.94	22.50	22.56	22.38	22.31	21.94
1wire_logger	2024-06-03T20:30:01	21.88	22.38	22.25	22.25	22.19	21.94
1wire_logger	2024-06-03T20:45:02	21.81	22.25	22.00	22.19	22.12	21.88
1wire_logger	2024-06-03T21:00:02	21.81	22.19	21.94	22.19	22.06	21.81
1wire_logger	2024-06-03T21:15:01	21.75	22.06	21.81	22.19	22.06	21.75
1wire_logger	2024-06-03T21:30:01	21.69	22.00	21.69	22.12	22.00	21.75
1wire_logger	2024-06-03T21:45:01	21.62	21.94	21.62	22.06	21.94	21.69
1wire_logger	2024-06-03T22:00:01	21.62	21.88	21.56	22.00	21.94	21.62
1wire_logger	2024-06-03T22:15:01	21.56	21.81	21.50	22.00	21.88	21.62
1wire_logger	2024-06-03T22:30:01	21.50	21.75	21.44	21.94	21.81	21.56
1wire_logger	2024-06-03T22:45:01	21.50	21.69	21.44	21.88	21.81	21.50
1wire_logger	2024-06-03T23:00:01	21.44	21.62	21.38	21.81	21.69	21.44
1wire_logger	2024-06-03T23:15:01	21.44	21.62	21.31	21.75	21.62	21.44
1wire_logger	2024-06-03T23:30:01	21.38	21.56	21.25	21.69	21.56	21.31
1wire_logger	2024-06-03T23:45:01	21.31	21.50	21.25	21.69	21.56	21.31
1wire_logger	2024-06-04T00:00:01	21.25	21.44	21.19	21.62	21.50	21.25
1wire_logger	2024-06-04T00:15:01	21.25	21.44	21.12	21.62	21.44	21.19
1wire_logger	2024-06-04T00:30:01	21.19	21.38	21.06	21.56	21.38	21.19
1wire_logger	2024-06-04T00:45:01	21.12	21.31	21.00	21.56	21.44	21.12
1wire_logger	2024-06-04T01:00:01	21.12	21.31	21.00	21.50	21.38	21.12
1wire_logger	2024-06-04T01:15:01	21.06	21.25	20.94	21.44	21.31	21.06
1wire_logger	2024-06-04T01:30:01	21.06	21.25	20.94	21.44	21.31	21.06
1wire_logger	2024-06-04T01:45:01	21.00	21.19	20.88	21.38	21.31	21.00
1wire_logger	2024-06-04T02:00:01	21.00	21.19	20.88	21.38	21.31	21.00
1wire_logger	2024-06-04T02:15:01	20.94	21.12	20.88	21.31	21.25	20.94
1wire_logger	2024-06-04T02:30:01	20.94	21.12	20.81	21.31	21.25	20.94
1wire_logger	2024-06-04T02:45:01	20.88	21.12	20.75	21.25	21.19	20.88
1wire_logger	2024-06-04T03:00:01	20.88	21.06	20.75	21.25	21.25	20.88
1wire_logger	2024-06-04T03:15:01	20.88	21.06	20.75	21.19	21.19	20.88
1wire_logger	2024-06-04T03:30:01	20.88	21.00	20.69	21.19	21.12	20.81
1wire_logger	2024-06-04T03:45:01	20.81	21.00	20.69	21.19	21.12	20.81
1wire_logger	2024-06-04T04:00:01	20.81	20.94	20.69	21.12	21.06	20.81
1wire_logger	2024-06-04T04:15:01	20.81	20.94	20.62	21.12	21.12	20.81
1wire_logger	2024-06-04T04:30:01	20.75	20.88	20.62	21.12	21.06	20.75
1wire_logger	2024-06-04T04:45:02	20.75	20.88	20.62	21.12	21.06	20.75
1wire_logger	2024-06-04T05:00:02	20.75	20.88	20.56	21.06	21.06	20.69
1wire_logger	2024-06-04T05:15:02	20.69	20.81	20.56	21.06	21.00	20.69
1wire_logger	2024-06-04T05:30:02	20.69	20.81	20.56	21.00	21.00	20.69
1wire_logger	2024-06-04T05:45:01	20.69	20.75	20.50	21.00	21.00	20.69
1wire_logger	2024-06-04T06:00:01	20.62	20.75	20.50	21.00	21.00	20.62
1wire_logger	2024-06-04T06:15:02	20.62	20.75	20.50	20.94	21.00	20.62
1wire_logger	2024-06-04T06:30:01	20.62	20.69	20.50	20.94	20.94	20.62
1wire_logger	2024-06-04T06:45:01	20.56	20.69	20.44	20.94	20.94	20.62
1wire_logger	2024-06-04T07:00:01	20.56	20.69	20.44	20.88	20.94	20.56
1wire_logger	2024-06-04T07:15:02	20.56	20.69	20.44	20.88	20.94	20.56
1wire_logger	2024-06-04T07:30:02	20.56	20.69	20.44	20.88	20.94	20.56
1wire_logger	2024-06-04T07:45:01	20.56	20.69	20.50	20.88	21.00	20.56
1wire_logger	2024-06-04T08:00:01	20.56	20.75	20.56	20.94	21.06	20.62
1wire_logger	2024-06-04T08:15:01	20.62	20.81	20.62	20.94	21.12	20.62
1wire_logger	2024-06-04T08:30:01	20.69	20.81	20.69	20.94	21.12	20.62
1wire_logger	2024-06-04T08:45:01	20.69	21.25	20.94	21.00	21.12	20.69
1wire_logger	2024-06-04T09:00:02	20.81	21.81	24.62	21.12	21.25	20.75
1wire_logger	2024-06-04T09:15:02	20.88	21.38	26.44	21.19	21.31	20.75
1wire_logger	2024-06-04T09:30:01	20.94	21.50	27.50	21.25	21.38	20.81
1wire_logger	2024-06-04T09:45:01	21.00	21.62	28.06	21.31	21.38	20.88
1wire_logger	2024-06-04T10:00:01	21.06	21.75	28.31	21.38	21.44	20.94
1wire_logger	2024-06-04T10:15:01	21.12	21.81	28.44	21.44	21.50	21.00
1wire_logger	2024-06-04T10:30:01	21.19	21.88	28.56	21.50	21.56	21.06
1wire_logger	2024-06-04T10:45:01	21.31	22.00	28.75	21.56	21.69	21.12
1wire_logger	2024-06-04T11:00:01	21.38	22.06	28.75	21.62	21.75	21.19
1wire_logger	2024-06-04T11:15:01	21.44	22.19	28.88	21.69	21.81	21.25
1wire_logger	2024-06-04T11:30:01	21.44	22.25	29.12	21.69	21.88	21.31
1wire_logger	2024-06-04T11:45:01	21.50	22.31	29.12	21.75	21.94	21.38
1wire_logger	2024-06-04T12:00:01	21.56	22.38	29.19	21.81	22.00	21.44
1wire_logger	2024-06-04T12:15:01	21.56	22.44	29.25	21.81	22.00	21.44
1wire_logger	2024-06-04T12:30:01	21.69	22.62	29.19	21.94	22.12	21.50
1wire_logger	2024-06-04T12:45:01	21.88	35.56	29.50	22.00	22.25	21.56
1wire_logger	2024-06-04T13:00:01	21.94	42.44	29.88	22.25	22.38	21.69
1wire_logger	2024-06-04T13:15:01	21.94	46.75	29.75	22.19	22.44	21.75
1wire_logger	2024-06-04T13:30:01	22.06	48.31	30.06	22.31	22.50	21.81
1wire_logger	2024-06-04T13:45:01	22.19	48.38	30.25	22.38	22.56	21.94
1wire_logger	2024-06-04T14:00:01	22.38	49.31	30.25	22.69	22.75	22.06
1wire_logger	2024-06-04T14:15:01	22.56	50.06	30.38	22.75	22.81	22.19
1wire_logger	2024-06-04T14:30:01	22.62	50.31	30.62	22.88	22.94	22.25
1wire_logger	2024-06-04T14:45:01	22.75	50.69	30.56	23.00	23.00	22.38
1wire_logger	2024-06-04T15:00:01	22.81	50.25	30.56	23.06	23.31	22.44
1wire_logger	2024-06-04T15:15:01	22.94	49.75	31.06	23.19	23.25	22.56
1wire_logger	2024-06-04T15:30:01	22.94	51.62	31.00	23.38	23.56	22.75
1wire_logger	2024-06-04T15:45:01	23.12	50.94	31.31	23.62	23.81	22.81
1wire_logger	2024-06-04T16:00:01	23.31	50.62	31.44	23.62	23.69	23.00
1wire_logger	2024-06-04T16:15:01	23.44	50.88	31.31	23.75	23.75	23.06
1wire_logger	2024-06-04T16:30:01	23.56	50.62	31.69	23.88	23.88	23.12
1wire_logger	2024-06-04T16:45:01	23.75	51.31	31.62	24.00	23.94	23.25
1wire_logger	2024-06-04T17:00:01	23.81	51.44	31.69	24.00	24.06	23.38
1wire_logger	2024-06-04T17:15:01	23.75	51.56	32.00	24.25	24.25	23.44
1wire_logger	2024-06-04T17:30:01	23.75	46.25	32.19	24.19	24.19	23.56
1wire_logger	2024-06-04T17:45:01	23.75	37.50	31.50	24.19	24.19	23.56
1wire_logger	2024-06-04T18:00:01	23.69	32.50	28.81	24.06	24.19	23.62
1wire_logger	2024-06-04T18:15:01	23.56	29.44	27.12	24.00	24.12	23.56
1wire_logger	2024-06-04T18:30:01	23.50	27.62	26.25	23.94	24.00	23.56
1wire_logger	2024-06-04T18:45:01	23.50	26.56	25.62	23.88	23.94	23.50
1wire_logger	2024-06-04T19:00:01	23.44	25.81	25.19	23.88	23.88	23.50
1wire_logger	2024-06-04T19:15:01	23.38	25.38	24.81	23.81	23.81	23.44
1wire_logger	2024-06-04T19:30:01	23.38	25.06	24.56	23.75	23.75	23.38
1wire_logger	2024-06-04T19:45:01	23.31	24.81	24.31	23.75	23.69	23.38
1wire_logger	2024-06-04T20:00:02	23.31	24.56	24.19	23.75	23.69	23.31
1wire_logger	2024-06-04T20:15:02	23.25	24.38	24.00	23.69	23.62	23.31
1wire_logger	2024-06-04T20:30:02	23.25	24.25	23.88	23.69	23.56	23.25
1wire_logger	2024-06-04T20:45:01	23.19	24.12	23.81	23.62	23.50	23.19
1wire_logger	2024-06-04T21:00:01	23.12	23.94	23.69	23.56	23.44	23.12
1wire_logger	2024-06-04T21:15:01	23.12	23.88	23.62	23.50	23.38	23.06
1wire_logger	2024-06-04T21:30:02	23.00	23.75	23.44	23.44	23.25	23.06
1wire_logger	2024-06-04T21:45:01	22.94	23.62	23.19	23.38	23.19	23.00
1wire_logger	2024-06-04T22:00:01	22.88	23.50	23.06	23.25	23.19	22.94
1wire_logger	2024-06-04T22:15:02	22.81	23.31	22.88	23.19	23.19	22.94
1wire_logger	2024-06-04T22:30:02	22.75	23.12	22.75	23.12	23.12	22.81
1wire_logger	2024-06-04T22:45:02	22.69	23.06	22.69	23.06	23.00	22.75
1wire_logger	2024-06-04T23:00:01	22.62	22.94	22.56	22.94	22.94	22.69
1wire_logger	2024-06-04T23:15:01	22.56	22.88	22.50	22.88	22.81	22.62
1wire_logger	2024-06-04T23:30:01	22.50	22.75	22.38	22.81	22.81	22.56
1wire_logger	2024-06-04T23:45:01	22.44	22.69	22.31	22.75	22.62	22.44
1wire_logger	2024-06-05T00:00:01	22.38	22.62	22.31	22.69	22.56	22.38
1wire_logger	2024-06-05T00:15:01	22.31	22.50	22.19	22.62	22.50	22.31
1wire_logger	2024-06-05T00:30:01	22.25	22.44	22.19	22.56	22.44	22.25
1wire_logger	2024-06-05T00:45:01	22.19	22.38	22.06	22.50	22.44	22.25
1wire_logger	2024-06-05T01:00:01	22.12	22.31	21.94	22.44	22.44	22.19
1wire_logger	2024-06-05T01:15:01	22.06	22.19	21.88	22.38	22.31	22.12
1wire_logger	2024-06-05T01:30:01	22.00	22.12	21.81	22.31	22.25	22.00
1wire_logger	2024-06-05T01:45:01	21.94	22.06	21.81	22.31	22.19	22.00
1wire_logger	2024-06-05T02:00:01	21.88	22.00	21.75	22.25	22.19	21.94
1wire_logger	2024-06-05T02:15:01	21.81	22.00	21.69	22.19	22.06	21.88
1wire_logger	2024-06-05T02:30:01	21.75	21.94	21.62	22.12	22.06	21.81
1wire_logger	2024-06-05T02:45:01	21.75	21.88	21.56	22.12	22.06	21.75
1wire_logger	2024-06-05T03:00:01	21.69	21.81	21.56	22.06	22.00	21.69
1wire_logger	2024-06-05T03:15:01	21.62	21.81	21.50	22.00	22.00	21.69
1wire_logger	2024-06-05T03:30:01	21.62	21.75	21.50	22.00	21.94	21.62
1wire_logger	2024-06-05T03:45:01	21.56	21.75	21.44	21.94	21.94	21.62
1wire_logger	2024-06-05T04:00:01	21.50	21.69	21.44	21.88	21.88	21.56
1wire_logger	2024-06-05T04:15:01	21.50	21.69	21.38	21.88	21.88	21.50
1wire_logger	2024-06-05T04:30:01	21.44	21.62	21.38	21.81	21.88	21.50
1wire_logger	2024-06-05T04:45:01	21.44	21.62	21.31	21.81	21.81	21.50
1wire_logger	2024-06-05T05:00:02	21.38	21.56	21.31	21.75	21.75	21.44
1wire_logger	2024-06-05T05:15:01	21.38	21.50	21.25	21.75	21.75	21.44
1wire_logger	2024-06-05T05:30:01	21.31	21.50	21.19	21.69	21.75	21.38
1wire_logger	2024-06-05T05:45:01	21.31	21.44	21.19	21.69	21.69	21.38
1wire_logger	2024-06-05T06:00:01	21.25	21.44	21.19	21.62	21.69	21.31
1wire_logger	2024-06-05T06:15:02	21.25	21.38	21.12	21.62	21.69	21.31
1wire_logger	2024-06-05T06:30:02	21.25	21.38	21.12	21.62	21.69	21.31
1wire_logger	2024-06-05T06:45:02	21.19	21.31	21.06	21.56	21.62	21.31
1wire_logger	2024-06-05T07:00:01	21.19	21.31	21.06	21.56	21.62	21.25
1wire_logger	2024-06-05T07:15:01	21.19	21.31	21.06	21.56	21.56	21.25
1wire_logger	2024-06-05T07:30:01	21.12	21.25	21.06	21.50	21.56	21.19
1wire_logger	2024-06-05T07:45:01	21.12	21.31	21.12	21.50	21.50	21.19
1wire_logger	2024-06-05T08:00:02	21.19	21.31	21.19	21.50	21.56	21.19
1wire_logger	2024-06-05T08:15:02	21.19	21.31	21.31	21.56	21.62	21.19
1wire_logger	2024-06-05T08:30:02	21.25	21.38	21.31	21.56	21.62	21.19
1wire_logger	2024-06-05T08:45:02	21.25	21.38	21.38	21.56	21.62	21.25
1wire_logger	2024-06-05T09:00:01	21.25	21.38	21.38	21.62	21.69	21.25
1wire_logger	2024-06-05T09:15:01	21.31	21.44	22.06	21.62	21.75	21.25
1wire_logger	2024-06-05T09:30:01	21.44	21.62	25.38	21.75	21.88	21.31
1wire_logger	2024-06-05T09:45:01	21.56	21.75	26.94	21.81	21.94	21.38
1wire_logger	2024-06-05T10:00:01	21.62	22.06	28.00	21.88	22.00	21.44
1wire_logger	2024-06-05T10:15:01	21.69	22.25	28.81	21.94	22.06	21.50
1wire_logger	2024-06-05T10:30:02	21.75	22.38	29.31	22.00	22.12	21.56
1wire_logger	2024-06-05T10:45:02	21.81	22.50	29.56	22.06	22.19	21.62
1wire_logger	2024-06-05T11:00:02	21.94	22.62	29.75	22.12	22.25	21.69
1wire_logger	2024-06-05T11:15:01	22.00	22.75	29.88	22.25	22.31	21.75
1wire_logger	2024-06-05T11:30:01	22.06	22.88	30.12	22.31	22.38	21.88
1wire_logger	2024-06-05T11:45:01	22.19	23.06	29.19	22.44	22.50	21.88
1wire_logger	2024-06-05T12:00:02	22.31	23.19	29.50	22.50	22.62	22.00
1wire_logger	2024-06-05T12:15:02	22.44	23.38	29.56	22.56	22.75	22.12
1wire_logger	2024-06-05T12:30:02	22.56	23.56	30.25	22.75	22.88	22.25
1wire_logger	2024-06-05T12:45:02	22.62	23.75	30.00	22.88	23.00	22.38
1wire_logger	2024-06-05T13:00:01	22.75	23.81	30.00	22.94	23.06	22.44
1wire_logger	2024-06-05T13:15:01	22.88	24.00	30.31	23.00	23.19	22.56
1wire_logger	2024-06-05T13:30:01	22.94	24.06	30.31	23.12	23.25	22.69
1wire_logger	2024-06-05T13:45:01	22.94	24.00	30.69	23.19	23.25	22.75
1wire_logger	2024-06-05T14:00:02	23.00	24.12	30.62	23.25	23.31	22.81
1wire_logger	2024-06-05T14:15:02	23.12	24.25	30.56	23.31	23.44	22.88
1wire_logger	2024-06-05T14:30:02	23.12	24.19	30.69	23.38	23.50	22.94
1wire_logger	2024-06-05T14:45:01	23.25	24.19	31.06	23.50	23.56	23.00
1wire_logger	2024-06-05T15:00:01	23.38	24.25	31.12	23.62	23.69	23.12
1wire_logger	2024-06-05T15:15:01	23.62	24.44	31.19	23.94	23.88	23.25
1wire_logger	2024-06-05T15:30:02	23.56	24.44	31.25	23.88	23.88	23.31
1wire_logger	2024-06-05T15:45:02	23.62	24.62	31.50	23.81	23.94	23.44
1wire_logger	2024-06-05T16:00:01	23.69	24.75	31.88	23.88	24.00	23.50
1wire_logger	2024-06-05T16:15:01	23.75	24.88	31.81	23.94	24.06	23.50
1wire_logger	2024-06-05T16:30:01	23.75	24.94	32.06	24.00	24.12	23.56
1wire_logger	2024-06-05T16:45:02	23.75	24.81	31.62	24.06	24.12	23.56
1wire_logger	2024-06-05T17:00:02	23.88	25.00	31.12	24.12	24.19	23.62
1wire_logger	2024-06-05T17:15:01	23.81	25.00	31.06	24.19	24.25	23.69
1wire_logger	2024-06-05T17:30:01	23.88	25.12	31.50	24.25	24.25	23.75
1wire_logger	2024-06-05T17:45:01	24.00	25.12	31.38	24.25	24.31	23.75
1wire_logger	2024-06-05T18:00:01	23.94	25.12	31.56	24.31	24.38	23.81
1wire_logger	2024-06-05T18:15:02	23.94	25.06	31.44	24.31	24.38	23.88
1wire_logger	2024-06-05T18:30:02	23.88	24.88	28.81	24.25	24.25	23.81
1wire_logger	2024-06-05T18:45:02	23.81	24.69	27.25	24.25	24.25	23.88
1wire_logger	2024-06-05T19:00:02	23.81	24.56	26.25	24.19	24.19	23.81
1wire_logger	2024-06-05T19:15:01	23.75	24.44	25.62	24.19	24.19	23.81
1wire_logger	2024-06-05T19:30:02	23.75	24.38	25.19	24.19	24.19	23.81
1wire_logger	2024-06-05T19:45:01	23.75	24.31	24.94	24.19	24.12	23.81
1wire_logger	2024-06-05T20:00:01	23.69	24.19	24.62	24.12	24.00	23.75
1wire_logger	2024-06-05T20:15:01	23.69	24.06	24.38	24.06	23.88	23.69
1wire_logger	2024-06-05T20:30:02	23.62	24.00	24.12	24.00	23.81	23.62
1wire_logger	2024-06-05T20:45:02	23.56	23.94	23.88	23.94	23.75	23.56
1wire_logger	2024-06-05T21:00:01	23.50	23.81	23.75	23.88	23.69	23.50
1wire_logger	2024-06-05T21:15:01	23.44	23.75	23.62	23.81	23.62	23.44
1wire_logger	2024-06-05T21:30:02	23.38	23.62	23.50	23.81	23.56	23.38
1wire_logger	2024-06-05T21:45:01	23.31	23.56	23.31	23.69	23.56	23.31
1wire_logger	2024-06-05T22:00:01	23.19	23.44	23.19	23.62	23.50	23.25
1wire_logger	2024-06-05T22:15:02	23.12	23.31	23.00	23.56	23.44	23.19
1wire_logger	2024-06-05T22:30:02	23.06	23.25	22.94	23.50	23.38	23.12
1wire_logger	2024-06-05T22:45:02	23.00	23.12	22.88	23.44	23.31	23.06
1wire_logger	2024-06-05T23:00:01	23.00	23.06	22.75	23.38	23.25	23.00
1wire_logger	2024-06-05T23:15:01	22.94	23.00	22.69	23.31	23.12	22.94
1wire_logger	2024-06-05T23:30:01	22.88	22.88	22.56	23.25	23.12	22.88
1wire_logger	2024-06-05T23:45:01	22.75	22.81	22.44	23.12	23.00	22.81
1wire_logger	2024-06-06T00:00:01	22.69	22.69	22.38	23.12	22.94	22.75
1wire_logger	2024-06-06T00:15:02	22.62	22.62	22.31	23.06	22.94	22.69
1wire_logger	2024-06-06T00:30:02	22.56	22.62	22.31	23.00	22.88	22.62
1wire_logger	2024-06-06T00:45:01	22.50	22.56	22.19	22.94	22.88	22.56
1wire_logger	2024-06-06T01:00:01	22.44	22.50	22.19	22.88	22.81	22.50
1wire_logger	2024-06-06T01:15:01	22.44	22.44	22.12	22.81	22.75	22.50
1wire_logger	2024-06-06T01:30:01	22.38	22.44	22.12	22.81	22.75	22.44
1wire_logger	2024-06-06T01:45:01	22.38	22.38	22.06	22.75	22.75	22.44
1wire_logger	2024-06-06T02:00:01	22.31	22.31	22.00	22.69	22.69	22.38
1wire_logger	2024-06-06T02:15:01	22.31	22.31	22.00	22.69	22.62	22.31
1wire_logger	2024-06-06T02:30:01	22.25	22.25	21.94	22.62	22.62	22.31
1wire_logger	2024-06-06T02:45:01	22.19	22.25	21.88	22.56	22.62	22.25
1wire_logger	2024-06-06T03:00:01	22.19	22.19	21.88	22.56	22.56	22.25
1wire_logger	2024-06-06T03:15:01	22.12	22.19	21.88	22.50	22.56	22.19
1wire_logger	2024-06-06T03:30:01	22.12	22.12	21.75	22.50	22.50	22.12
1wire_logger	2024-06-06T03:45:01	22.06	22.06	21.75	22.44	22.50	22.12
1wire_logger	2024-06-06T04:00:01	22.00	22.06	21.75	22.44	22.50	22.06
1wire_logger	2024-06-06T04:15:01	22.00	22.00	21.69	22.38	22.44	22.06
1wire_logger	2024-06-06T04:30:01	22.00	22.00	21.69	22.38	22.44	22.00
1wire_logger	2024-06-06T04:45:01	21.94	21.94	21.62	22.31	22.44	22.00
1wire_logger	2024-06-06T05:00:01	21.94	21.94	21.62	22.31	22.38	21.94
1wire_logger	2024-06-06T05:15:01	21.88	21.88	21.56	22.25	22.38	21.94
1wire_logger	2024-06-06T05:30:01	21.88	21.88	21.56	22.19	22.31	21.88
1wire_logger	2024-06-06T05:45:01	21.88	21.81	21.50	22.19	22.31	21.88
1wire_logger	2024-06-06T06:00:01	21.88	21.81	21.50	22.19	22.31	21.88
1wire_logger	2024-06-06T06:15:01	21.81	21.81	21.50	22.12	22.31	21.81
1wire_logger	2024-06-06T06:30:01	21.75	21.75	21.44	22.12	22.25	21.81
1wire_logger	2024-06-06T06:45:01	21.75	21.75	21.44	22.06	22.25	21.75
1wire_logger	2024-06-06T07:00:01	21.75	21.69	21.44	22.06	22.25	21.75
1wire_logger	2024-06-06T07:15:01	21.69	21.69	21.44	22.06	22.19	21.75
1wire_logger	2024-06-06T07:30:01	21.69	21.69	21.38	22.06	22.19	21.75
1wire_logger	2024-06-06T07:45:01	21.75	21.75	21.50	22.06	22.12	21.75
1wire_logger	2024-06-06T08:00:01	21.75	21.75	21.56	22.12	22.12	21.75
1wire_logger	2024-06-06T08:15:01	21.75	21.81	21.62	22.12	22.12	21.75
1wire_logger	2024-06-06T08:30:01	21.81	21.81	21.62	22.12	22.12	21.75
1wire_logger	2024-06-06T08:45:01	21.81	21.81	21.62	22.12	22.12	21.75
1wire_logger	2024-06-06T09:00:01	21.81	21.88	21.69	22.19	22.12	21.75
1wire_logger	2024-06-06T09:15:02	21.81	21.88	21.75	22.19	22.12	21.75
1wire_logger	2024-06-06T09:30:02	21.81	21.88	21.75	22.19	22.12	21.75
1wire_logger	2024-06-06T09:45:01	21.88	21.94	21.75	22.25	22.12	21.75
1wire_logger	2024-06-06T10:00:01	21.88	21.94	21.75	22.25	22.12	21.75
1wire_logger	2024-06-06T10:15:01	21.88	21.94	21.81	22.25	22.12	21.75
1wire_logger	2024-06-06T10:30:01	21.88	22.00	23.75	22.25	22.19	21.81
1wire_logger	2024-06-06T10:45:02	21.94	22.25	26.44	22.31	22.25	21.88
1wire_logger	2024-06-06T11:00:01	21.94	22.44	27.81	22.31	22.31	21.88
1wire_logger	2024-06-06T11:15:02	22.00	22.62	28.56	22.38	22.38	21.94
1wire_logger	2024-06-06T11:30:02	22.12	22.75	29.06	22.56	22.44	22.00
1wire_logger	2024-06-06T11:45:02	22.31	23.12	29.94	22.69	22.62	22.06
1wire_logger	2024-06-06T12:00:01	22.50	23.25	30.19	22.75	22.69	22.19
1wire_logger	2024-06-06T12:15:01	22.50	23.31	30.06	22.81	22.81	22.25
1wire_logger	2024-06-06T12:30:01	22.56	23.44	30.19	22.94	22.88	22.31
1wire_logger	2024-06-06T12:45:02	22.69	23.50	30.38	22.94	22.94	22.38
1wire_logger	2024-06-06T13:00:02	22.69	23.56	30.44	23.06	22.94	22.44
1wire_logger	2024-06-06T13:15:02	22.88	23.69	30.25	23.19	23.25	22.56
1wire_logger	2024-06-06T13:30:01	23.12	23.88	31.00	23.44	24.94	23.19
1wire_logger	2024-06-06T13:45:02	23.19	23.94	30.62	23.56	29.06	24.69
1wire_logger	2024-06-06T14:00:01	23.31	24.00	30.56	23.62	31.38	25.44
1wire_logger	2024-06-06T14:15:01	23.38	24.12	30.69	23.75	31.81	25.00
1wire_logger	2024-06-06T14:30:01	23.44	24.19	30.56	23.75	32.19	24.56
1wire_logger	2024-06-06T14:45:02	23.44	24.31	30.50	23.81	32.75	24.44
1wire_logger	2024-06-06T15:00:02	23.50	24.38	30.44	23.88	33.19	24.31
1wire_logger	2024-06-06T15:15:02	23.56	24.44	30.56	23.94	33.06	24.38
1wire_logger	2024-06-06T15:30:02	23.62	24.44	31.06	24.00	33.12	24.31
1wire_logger	2024-06-06T15:45:01	23.69	24.50	31.00	24.00	33.38	24.38
1wire_logger	2024-06-06T16:00:01	23.81	24.50	31.44	24.12	33.69	24.44
1wire_logger	2024-06-06T16:15:01	23.94	24.94	31.12	24.12	33.75	24.44
1wire_logger	2024-06-06T16:30:01	24.00	25.56	31.62	24.44	33.94	24.56
1wire_logger	2024-06-06T16:45:01	24.12	26.00	31.62	24.56	34.12	24.56
1wire_logger	2024-06-06T17:00:02	24.19	32.19	31.50	24.56	34.00	24.62
1wire_logger	2024-06-06T17:15:02	24.31	42.31	31.88	24.62	34.12	24.75
1wire_logger	2024-06-06T17:30:01	24.62	47.06	32.12	25.06	34.69	25.06
1wire_logger	2024-06-06T17:45:01	24.69	41.25	30.19	24.88	34.00	24.94
1wire_logger	2024-06-06T18:00:01	24.62	35.50	28.75	24.88	31.56	25.06
1wire_logger	2024-06-06T18:15:02	24.56	31.19	27.50	24.81	29.44	25.00
1wire_logger	2024-06-06T18:30:02	24.50	28.94	26.75	24.81	28.06	24.88
1wire_logger	2024-06-06T18:45:02	24.44	27.50	26.19	24.81	27.25	24.81
1wire_logger	2024-06-06T19:00:01	24.38	26.56	25.69	24.75	26.50	24.75
1wire_logger	2024-06-06T19:15:01	24.31	26.00	25.50	24.75	26.12	24.69
1wire_logger	2024-06-06T19:30:01	24.25	25.62	25.25	24.75	25.44	24.56
1wire_logger	2024-06-06T19:45:02	24.25	25.38	25.06	24.69	25.25	24.50
1wire_logger	2024-06-06T20:00:02	24.19	25.12	24.88	24.69	25.06	24.44
1wire_logger	2024-06-06T20:15:02	24.19	25.00	24.81	24.62	24.88	24.31
1wire_logger	2024-06-06T20:30:01	24.12	24.81	24.62	24.56	24.75	24.31
1wire_logger	2024-06-06T20:45:02	24.12	24.75	24.50	24.56	24.62	24.19
1wire_logger	2024-06-06T21:00:01	24.06	24.62	24.44	24.50	24.44	24.12
1wire_logger	2024-06-06T21:15:01	24.00	24.50	24.31	24.44	24.38	24.06
1wire_logger	2024-06-06T21:30:02	23.94	24.44	24.12	24.38	24.25	24.00
1wire_logger	2024-06-06T21:45:02	23.88	24.31	24.00	24.31	24.19	23.94
1wire_logger	2024-06-06T22:00:01	23.81	24.12	23.81	24.25	24.19	23.88
1wire_logger	2024-06-06T22:15:01	23.75	23.94	23.62	24.19	24.12	23.81
1wire_logger	2024-06-06T22:30:01	23.69	23.88	23.50	24.12	24.00	23.75
1wire_logger	2024-06-06T22:45:01	23.62	23.75	23.38	24.06	23.94	23.69
1wire_logger	2024-06-06T23:00:02	23.50	23.62	23.25	23.94	23.81	23.56
1wire_logger	2024-06-06T23:15:02	23.44	23.50	23.12	23.88	23.69	23.50
1wire_logger	2024-06-06T23:30:01	23.38	23.38	23.06	23.81	23.62	23.38
1wire_logger	2024-06-06T23:45:02	23.31	23.31	22.94	23.69	23.56	23.31
1wire_logger	2024-06-07T00:00:02	23.19	23.25	22.88	23.69	23.50	23.25
1wire_logger	2024-06-07T00:15:02	23.12	23.19	22.81	23.62	23.44	23.19
1wire_logger	2024-06-07T00:30:01	23.06	23.12	22.75	23.56	23.31	23.12
1wire_logger	2024-06-07T00:45:01	23.06	23.06	22.69	23.50	23.31	23.06
1wire_logger	2024-06-07T01:00:01	23.00	23.00	22.62	23.44	23.25	23.00
1wire_logger	2024-06-07T01:15:02	22.94	22.94	22.56	23.31	23.19	22.94
1wire_logger	2024-06-07T01:30:02	22.88	22.88	22.56	23.31	23.25	22.88
1wire_logger	2024-06-07T01:45:02	22.88	22.81	22.50	23.25	23.19	22.88
1wire_logger	2024-06-07T02:00:02	22.81	22.75	22.44	23.19	23.19	22.81
1wire_logger	2024-06-07T02:15:01	22.75	22.75	22.38	23.19	23.12	22.81
1wire_logger	2024-06-07T02:30:01	22.75	22.69	22.38	23.12	23.12	22.75
1wire_logger	2024-06-07T02:45:01	22.69	22.69	22.31	23.06	23.06	22.69
1wire_logger	2024-06-07T03:00:02	22.69	22.62	22.31	23.06	23.06	22.69
1wire_logger	2024-06-07T03:15:02	22.62	22.56	22.25	23.00	23.00	22.62
1wire_logger	2024-06-07T03:30:02	22.62	22.56	22.25	23.00	23.00	22.62
1wire_logger	2024-06-07T03:45:02	22.56	22.50	22.19	22.94	23.00	22.56
1wire_logger	2024-06-07T04:00:01	22.56	22.50	22.19	22.88	22.94	22.56
1wire_logger	2024-06-07T04:15:01	22.50	22.50	22.19	22.88	22.94	22.50
1wire_logger	2024-06-07T04:30:01	22.50	22.44	22.12	22.88	22.94	22.50
1wire_logger	2024-06-07T04:45:01	22.44	22.44	22.12	22.81	22.88	22.44
1wire_logger	2024-06-07T05:00:01	22.44	22.38	22.06	22.75	22.81	22.44
1wire_logger	2024-06-07T05:15:01	22.38	22.31	22.06	22.75	22.81	22.38
1wire_logger	2024-06-07T05:30:01	22.31	22.31	22.00	22.69	22.75	22.38
1wire_logger	2024-06-07T05:45:01	22.31	22.31	22.00	22.69	22.75	22.31
1wire_logger	2024-06-07T06:00:01	22.31	22.25	22.00	22.69	22.75	22.31
1wire_logger	2024-06-07T06:15:01	22.25	22.25	21.94	22.62	22.69	22.25
1wire_logger	2024-06-07T06:30:01	22.25	22.19	21.88	22.56	22.69	22.25
1wire_logger	2024-06-07T06:45:01	22.19	22.19	21.88	22.56	22.69	22.19
1wire_logger	2024-06-07T07:00:01	22.19	22.12	21.88	22.50	22.62	22.19
1wire_logger	2024-06-07T07:15:01	22.12	22.12	21.88	22.50	22.62	22.19
1wire_logger	2024-06-07T07:30:01	22.12	22.12	21.81	22.50	22.62	22.12
1wire_logger	2024-06-07T07:45:01	22.12	22.12	21.88	22.44	22.56	22.12
1wire_logger	2024-06-07T08:00:01	22.12	22.12	21.94	22.50	22.56	22.12
1wire_logger	2024-06-07T08:15:01	22.12	22.19	21.94	22.44	22.50	22.12
1wire_logger	2024-06-07T08:30:01	22.12	22.19	22.00	22.44	22.50	22.12
1wire_logger	2024-06-07T08:45:01	22.25	22.94	23.25	22.56	22.69	22.19
1wire_logger	2024-06-07T09:00:01	22.38	23.25	26.31	22.69	22.75	22.25
1wire_logger	2024-06-07T09:15:01	22.44	23.31	28.06	22.75	22.81	22.25
1wire_logger	2024-06-07T09:30:01	22.44	23.25	28.88	22.75	22.81	22.31
1wire_logger	2024-06-07T09:45:01	22.44	23.31	29.31	22.81	22.81	22.31
1wire_logger	2024-06-07T10:00:01	22.69	23.44	30.00	22.94	23.06	22.38
1wire_logger	2024-06-07T10:15:01	22.88	36.69	30.25	23.12	23.19	22.56
1wire_logger	2024-06-07T10:30:01	23.19	43.75	30.75	23.44	23.50	22.69
1wire_logger	2024-06-07T10:45:01	23.38	47.94	30.94	23.44	23.44	22.81
1wire_logger	2024-06-07T11:00:01	23.31	49.19	30.69	23.56	23.62	22.94
1wire_logger	2024-06-07T11:15:01	23.56	50.56	31.50	23.94	23.94	23.06
1wire_logger	2024-06-07T11:30:01	23.75	51.75	31.62	24.12	24.25	23.25
1wire_logger	2024-06-07T11:45:01	23.88	51.50	31.81	24.06	24.06	23.38
1wire_logger	2024-06-07T12:00:01	24.12	51.44	32.06	24.31	24.25	23.62
1wire_logger	2024-06-07T12:15:01	24.19	51.38	32.19	24.44	24.31	23.69
1wire_logger	2024-06-07T12:30:01	24.38	51.75	32.38	24.69	24.50	23.88
1wire_logger	2024-06-07T12:45:01	24.56	51.62	32.50	24.81	24.69	24.00
1wire_logger	2024-06-07T13:00:01	24.69	52.31	32.31	24.94	24.75	24.12
1wire_logger	2024-06-07T13:15:01	24.69	51.75	32.81	25.12	25.12	24.25
1wire_logger	2024-06-07T13:30:01	24.81	52.25	32.69	25.00	24.94	24.31
1wire_logger	2024-06-07T13:45:01	24.75	52.56	31.88	25.00	25.00	24.38
1wire_logger	2024-06-07T14:00:01	24.88	52.44	32.75	25.19	25.06	24.50
1wire_logger	2024-06-07T14:15:01	24.94	53.00	32.88	25.25	25.19	24.56
1wire_logger	2024-06-07T14:30:01	25.06	53.00	32.94	25.38	25.31	24.62
1wire_logger	2024-06-07T14:45:01	25.06	53.00	32.75	25.38	25.31	24.69
1wire_logger	2024-06-07T15:00:01	25.19	53.06	33.00	25.56	25.44	24.75
1wire_logger	2024-06-07T15:15:01	25.25	53.19	33.44	25.69	25.75	24.94
1wire_logger	2024-06-07T15:30:01	25.31	52.81	33.38	25.75	25.75	25.00
1wire_logger	2024-06-07T15:45:01	25.31	52.31	33.06	25.69	25.62	25.00
1wire_logger	2024-06-07T16:00:01	25.44	52.25	33.44	25.81	25.69	25.06
1wire_logger	2024-06-07T16:15:01	25.56	53.50	33.94	26.00	26.06	25.25
1wire_logger	2024-06-07T16:30:01	25.56	53.38	33.81	26.00	25.94	25.25
1wire_logger	2024-06-07T16:45:01	25.56	52.94	33.62	26.00	25.94	25.31
1wire_logger	2024-06-07T17:00:01	25.50	52.44	33.06	25.94	25.94	25.31
1wire_logger	2024-06-07T17:15:01	25.62	53.56	33.81	26.12	26.19	25.50
1wire_logger	2024-06-07T17:30:01	25.75	53.06	33.94	26.12	26.25	25.56
1wire_logger	2024-06-07T17:45:01	25.81	53.25	34.06	26.25	26.38	25.69
1wire_logger	2024-06-07T18:00:01	25.94	53.31	34.38	26.44	26.56	25.75
1wire_logger	2024-06-07T18:15:01	25.94	52.94	34.31	26.44	26.50	25.81
1wire_logger	2024-06-07T18:30:01	26.06	53.50	34.31	26.38	26.62	25.94
1wire_logger	2024-06-07T18:45:01	25.88	52.31	33.06	26.31	26.44	25.88
1wire_logger	2024-06-07T19:00:01	25.75	52.69	33.00	26.25	26.38	25.81
1wire_logger	2024-06-07T19:15:02	25.88	54.25	32.00	26.31	26.38	25.88
1wire_logger	2024-06-07T19:30:02	25.88	53.75	30.25	26.31	26.31	25.88
1wire_logger	2024-06-07T19:45:01	25.81	53.44	29.31	26.31	26.25	25.81
1wire_logger	2024-06-07T20:00:01	25.75	54.50	28.62	26.25	26.19	25.81
1wire_logger	2024-06-07T20:15:01	25.75	53.25	28.06	26.19	26.19	25.75
1wire_logger	2024-06-07T20:30:01	25.69	52.75	27.88	26.19	26.12	25.75
1wire_logger	2024-06-07T20:45:02	25.75	52.75	27.81	26.31	26.19	25.75
1wire_logger	2024-06-07T21:00:01	25.81	53.12	27.75	26.25	26.25	25.75
1wire_logger	2024-06-07T21:15:02	25.88	52.75	27.75	26.31	26.25	25.81
1wire_logger	2024-06-07T21:30:02	25.81	45.69	27.38	26.25	26.25	25.81
1wire_logger	2024-06-07T21:45:02	25.69	37.62	27.00	26.19	26.12	25.75
1wire_logger	2024-06-07T22:00:02	25.56	32.56	26.56	26.06	26.00	25.62
1wire_logger	2024-06-07T22:15:01	25.44	29.88	26.25	26.00	25.88	25.56
1wire_logger	2024-06-07T22:30:01	25.31	28.44	25.94	25.88	25.75	25.50
1wire_logger	2024-06-07T22:45:01	25.19	27.50	25.56	25.75	25.62	25.38
1wire_logger	2024-06-07T23:00:02	25.06	26.88	25.38	25.62	25.50	25.25
1wire_logger	2024-06-07T23:15:02	25.00	26.44	25.12	25.50	25.38	25.12
1wire_logger	2024-06-07T23:30:02	24.88	26.06	25.00	25.38	25.25	25.00
1wire_logger	2024-06-07T23:45:02	24.75	25.81	24.75	25.25	25.12	24.88
1wire_logger	2024-06-08T00:00:01	24.62	25.44	24.56	25.12	25.00	24.81
1wire_logger	2024-06-08T00:15:01	24.56	25.19	24.44	25.00	24.81	24.69
1wire_logger	2024-06-08T00:30:01	24.50	24.94	24.19	24.94	24.75	24.56
1wire_logger	2024-06-08T00:45:01	24.38	24.75	24.12	24.81	24.62	24.50
1wire_logger	2024-06-08T01:00:02	24.25	24.62	24.00	24.69	24.56	24.38
1wire_logger	2024-06-08T01:15:02	24.19	24.44	23.88	24.62	24.44	24.31
1wire_logger	2024-06-08T01:30:02	24.12	24.31	23.75	24.56	24.38	24.25
1wire_logger	2024-06-08T01:45:01	24.00	24.19	23.69	24.44	24.25	24.12
1wire_logger	2024-06-08T02:00:01	23.94	24.06	23.56	24.38	24.19	24.00
1wire_logger	2024-06-08T02:15:01	23.88	23.94	23.44	24.31	24.06	23.94
1wire_logger	2024-06-08T02:30:02	23.75	23.81	23.38	24.19	24.06	23.81
1wire_logger	2024-06-08T02:45:02	23.69	23.75	23.31	24.12	23.94	23.75
1wire_logger	2024-06-08T03:00:01	23.62	23.69	23.25	24.06	23.81	23.69
1wire_logger	2024-06-08T03:15:01	23.56	23.62	23.19	24.00	23.75	23.56
1wire_logger	2024-06-08T03:30:01	23.50	23.50	23.12	23.94	23.69	23.50
1wire_logger	2024-06-08T03:45:01	23.44	23.44	23.06	23.81	23.56	23.44
1wire_logger	2024-06-08T04:00:02	23.38	23.38	23.00	23.75	23.56	23.38
1wire_logger	2024-06-08T04:15:01	23.31	23.31	22.94	23.69	23.56	23.31
1wire_logger	2024-06-08T04:30:02	23.25	23.31	22.94	23.62	23.44	23.25
1wire_logger	2024-06-08T04:45:02	23.19	23.25	22.81	23.56	23.44	23.19
1wire_logger	2024-06-08T05:00:02	23.12	23.19	22.81	23.50	23.31	23.12
1wire_logger	2024-06-08T05:15:02	23.12	23.12	22.75	23.44	23.25	23.06
1wire_logger	2024-06-08T05:30:02	23.06	23.06	22.69	23.44	23.31	23.00
1wire_logger	2024-06-08T05:45:02	23.00	23.00	22.62	23.38	23.25	22.94
1wire_logger	2024-06-08T06:00:01	22.94	23.00	22.62	23.31	23.19	22.94
1wire_logger	2024-06-08T06:15:01	22.94	22.94	22.56	23.25	23.19	22.94
1wire_logger	2024-06-08T06:30:01	22.88	22.88	22.50	23.25	23.12	22.88
1wire_logger	2024-06-08T06:45:01	22.88	22.81	22.44	23.19	23.12	22.81
1wire_logger	2024-06-08T07:00:01	22.81	22.81	22.44	23.19	23.12	22.81
1wire_logger	2024-06-08T07:15:01	22.81	22.81	22.38	23.12	23.06	22.75
1wire_logger	2024-06-08T07:30:01	22.75	22.75	22.38	23.12	23.06	22.75
1wire_logger	2024-06-08T07:45:01	22.75	22.69	22.31	23.06	23.06	22.69
1wire_logger	2024-06-08T08:00:01	22.69	22.69	22.25	23.06	23.06	22.69
1wire_logger	2024-06-08T08:15:01	22.69	22.62	22.25	23.06	23.00	22.62
1wire_logger	2024-06-08T08:30:01	22.69	22.62	22.31	23.00	23.00	22.62
1wire_logger	2024-06-08T08:45:01	22.62	22.62	22.25	23.00	23.00	22.62
1wire_logger	2024-06-08T09:00:01	22.62	22.62	22.25	23.00	22.94	22.56
1wire_logger	2024-06-08T09:15:01	22.62	22.62	22.31	23.00	22.94	22.56
1wire_logger	2024-06-08T09:30:01	22.62	22.62	22.31	23.00	22.94	22.56
1wire_logger	2024-06-08T09:45:01	22.62	22.69	22.38	23.00	22.88	22.56
1wire_logger	2024-06-08T10:00:01	22.69	22.75	22.44	23.00	22.94	22.56
1wire_logger	2024-06-08T10:15:01	22.69	22.75	22.50	23.06	22.94	22.56
1wire_logger	2024-06-08T10:30:01	22.75	22.81	22.56	23.06	22.94	22.56
1wire_logger	2024-06-08T10:45:01	22.75	22.81	22.56	23.06	22.94	22.62
1wire_logger	2024-06-08T11:00:01	22.75	22.88	22.62	23.12	22.94	22.62
1wire_logger	2024-06-08T11:15:01	22.81	22.88	22.69	23.12	23.06	22.62
1wire_logger	2024-06-08T11:30:01	22.81	22.94	22.75	23.12	23.06	22.69
1wire_logger	2024-06-08T11:45:01	22.81	23.00	22.75	23.19	23.12	22.69
1wire_logger	2024-06-08T12:00:01	22.88	23.12	26.06	23.25	23.19	22.69
1wire_logger	2024-06-08T12:15:01	22.94	23.31	27.56	23.31	23.25	22.81
1wire_logger	2024-06-08T12:30:01	23.00	23.31	25.81	23.31	23.31	22.81
1wire_logger	2024-06-08T12:45:01	23.00	23.31	24.94	23.38	23.31	22.88
1wire_logger	2024-06-08T13:00:01	23.06	23.31	24.38	23.38	23.38	22.94
1wire_logger	2024-06-08T13:15:01	23.06	23.31	24.06	23.44	23.38	22.94
1wire_logger	2024-06-08T13:30:01	23.06	23.31	23.81	23.44	23.38	22.94
1wire_logger	2024-06-08T13:45:01	23.06	23.31	23.69	23.44	23.44	23.00
1wire_logger	2024-06-08T14:00:01	23.12	23.31	23.56	23.44	23.44	23.00
1wire_logger	2024-06-08T14:15:01	23.12	23.31	23.50	23.50	23.38	23.00
1wire_logger	2024-06-08T14:30:01	23.12	23.25	23.31	23.50	23.31	23.00
1wire_logger	2024-06-08T14:45:01	23.06	23.25	23.12	23.50	23.31	23.00
1wire_logger	2024-06-08T15:00:01	23.06	23.25	23.06	23.50	23.31	23.00
1wire_logger	2024-06-08T15:15:01	23.06	23.25	23.06	23.50	23.31	23.00
1wire_logger	2024-06-08T15:30:01	23.06	23.19	23.00	23.44	23.31	23.00
1wire_logger	2024-06-08T15:45:01	23.06	23.19	22.94	23.44	23.25	22.94
1wire_logger	2024-06-08T16:00:01	23.06	23.19	22.94	23.44	23.31	22.94
1wire_logger	2024-06-08T16:15:01	23.06	23.25	23.00	23.50	23.31	22.94
1wire_logger	2024-06-08T16:30:01	23.12	23.25	23.06	23.50	23.38	23.00
1wire_logger	2024-06-08T16:45:01	23.12	23.25	23.06	23.50	23.38	23.00
1wire_logger	2024-06-08T17:00:01	23.12	23.25	23.06	23.56	23.38	23.00
1wire_logger	2024-06-08T17:15:01	23.12	23.31	23.06	23.50	23.38	23.00
1wire_logger	2024-06-08T17:30:01	23.19	23.31	23.06	23.56	23.38	23.00
1wire_logger	2024-06-08T17:45:01	23.12	23.31	23.06	23.56	23.38	23.00
1wire_logger	2024-06-08T18:00:01	23.19	23.31	23.06	23.56	23.38	23.00
1wire_logger	2024-06-08T18:15:02	23.19	23.31	23.06	23.56	23.38	23.00
1wire_logger	2024-06-08T18:30:02	23.19	23.31	23.12	23.56	23.44	23.06
1wire_logger	2024-06-08T18:45:02	23.19	23.31	23.12	23.56	23.44	23.06
1wire_logger	2024-06-08T19:00:02	23.19	23.38	23.12	23.56	23.44	23.06
1wire_logger	2024-06-08T19:15:01	23.19	23.31	23.12	23.56	23.44	23.06
1wire_logger	2024-06-08T19:30:01	23.19	23.31	23.12	23.56	23.38	23.06
1wire_logger	2024-06-08T19:45:01	23.12	23.31	23.00	23.56	23.38	23.06
1wire_logger	2024-06-08T20:00:01	23.12	23.25	23.00	23.56	23.38	23.06
1wire_logger	2024-06-08T20:15:01	23.12	23.25	22.94	23.50	23.38	23.00
1wire_logger	2024-06-08T20:30:02	23.06	23.19	22.88	23.50	23.44	23.00
1wire_logger	2024-06-08T20:45:02	23.06	23.12	22.81	23.50	23.38	23.00
1wire_logger	2024-06-08T21:00:02	23.06	23.12	22.81	23.44	23.38	23.00
1wire_logger	2024-06-08T21:15:01	23.00	23.06	22.75	23.44	23.38	23.00
1wire_logger	2024-06-08T21:30:01	23.00	23.06	22.75	23.38	23.31	22.94
1wire_logger	2024-06-08T21:45:01	22.94	23.00	22.69	23.38	23.31	22.94
1wire_logger	2024-06-08T22:00:01	22.94	23.00	22.62	23.38	23.25	22.94
1wire_logger	2024-06-08T22:15:01	22.94	22.94	22.62	23.31	23.25	22.88
1wire_logger	2024-06-08T22:30:01	22.88	22.94	22.56	23.31	23.19	22.88
1wire_logger	2024-06-08T22:45:01	22.88	22.88	22.50	23.25	23.19	22.81
1wire_logger	2024-06-08T23:00:01	22.81	22.88	22.50	23.25	23.12	22.81
1wire_logger	2024-06-08T23:15:01	22.75	22.81	22.50	23.19	23.06	22.75
1wire_logger	2024-06-08T23:30:01	22.75	22.81	22.44	23.19	23.06	22.75
1wire_logger	2024-06-08T23:45:01	22.75	22.75	22.38	23.12	23.06	22.69
1wire_logger	2024-06-09T00:00:01	22.69	22.75	22.38	23.12	23.06	22.69
1wire_logger	2024-06-09T00:15:01	22.69	22.69	22.31	23.06	23.00	22.62
1wire_logger	2024-06-09T00:30:01	22.62	22.62	22.31	23.06	23.00	22.62
1wire_logger	2024-06-09T00:45:01	22.62	22.62	22.25	23.00	22.94	22.62
1wire_logger	2024-06-09T01:00:01	22.62	22.56	22.19	23.00	22.94	22.56
1wire_logger	2024-06-09T01:15:01	22.56	22.56	22.25	23.00	22.94	22.56
1wire_logger	2024-06-09T01:30:01	22.56	22.56	22.19	22.94	22.94	22.56
1wire_logger	2024-06-09T01:45:01	22.50	22.50	22.19	22.88	22.88	22.50
1wire_logger	2024-06-09T02:00:01	22.50	22.50	22.12	22.88	22.94	22.50
1wire_logger	2024-06-09T02:15:01	22.44	22.50	22.12	22.88	22.88	22.50
1wire_logger	2024-06-09T02:30:01	22.44	22.44	22.06	22.81	22.88	22.44
1wire_logger	2024-06-09T02:45:01	22.44	22.44	22.06	22.81	22.81	22.44
1wire_logger	2024-06-09T03:00:01	22.38	22.38	22.00	22.75	22.81	22.44
1wire_logger	2024-06-09T03:15:01	22.38	22.38	22.00	22.75	22.75	22.38
1wire_logger	2024-06-09T03:30:01	22.38	22.38	22.00	22.75	22.81	22.38
1wire_logger	2024-06-09T03:45:01	22.31	22.31	22.00	22.69	22.75	22.38
1wire_logger	2024-06-09T04:00:01	22.31	22.31	22.00	22.69	22.75	22.38
1wire_logger	2024-06-09T04:15:01	22.31	22.31	21.94	22.69	22.75	22.38
1wire_logger	2024-06-09T04:30:01	22.25	22.25	21.94	22.69	22.69	22.31
1wire_logger	2024-06-09T04:45:02	22.25	22.25	21.88	22.62	22.69	22.31
1wire_logger	2024-06-09T05:00:02	22.25	22.25	21.88	22.62	22.69	22.31
1wire_logger	2024-06-09T05:15:02	22.25	22.25	21.88	22.62	22.62	22.25
1wire_logger	2024-06-09T05:30:01	22.25	22.25	21.88	22.56	22.62	22.25
1wire_logger	2024-06-09T05:45:01	22.19	22.19	21.81	22.56	22.62	22.25
1wire_logger	2024-06-09T06:00:01	22.19	22.19	21.81	22.56	22.62	22.25
1wire_logger	2024-06-09T06:15:02	22.19	22.12	21.81	22.50	22.62	22.19
1wire_logger	2024-06-09T06:30:01	22.12	22.12	21.75	22.50	22.56	22.19
1wire_logger	2024-06-09T06:45:01	22.12	22.12	21.75	22.50	22.56	22.19
1wire_logger	2024-06-09T07:00:01	22.06	22.06	21.75	22.44	22.56	22.12
1wire_logger	2024-06-09T07:15:02	22.06	22.06	21.69	22.44	22.50	22.12
1wire_logger	2024-06-09T07:30:02	22.06	22.06	21.69	22.44	22.50	22.12
1wire_logger	2024-06-09T07:45:01	22.06	22.06	21.69	22.38	22.50	22.12
1wire_logger	2024-06-09T08:00:01	22.06	22.00	21.69	22.38	22.50	22.06
1wire_logger	2024-06-09T08:15:01	22.00	22.00	21.69	22.38	22.50	22.06
1wire_logger	2024-06-09T08:30:01	22.00	22.00	21.62	22.38	22.44	22.06
1wire_logger	2024-06-09T08:45:01	22.00	22.00	21.62	22.38	22.44	22.06
1wire_logger	2024-06-09T09:00:02	21.94	21.94	21.62	22.31	22.44	22.06
1wire_logger	2024-06-09T09:15:02	22.00	22.00	22.00	22.31	22.38	22.06
1wire_logger	2024-06-09T09:30:01	22.00	22.19	25.88	22.38	22.31	22.00
1wire_logger	2024-06-09T09:45:01	22.00	22.44	27.19	22.38	22.25	21.94
1wire_logger	2024-06-09T10:00:01	22.00	22.50	28.19	22.38	22.31	21.94
1wire_logger	2024-06-09T10:15:01	22.12	22.81	29.06	22.50	22.50	22.06
1wire_logger	2024-06-09T10:30:01	22.12	22.94	29.00	22.44	22.50	22.06
1wire_logger	2024-06-09T10:45:01	22.19	23.00	29.12	22.50	22.50	22.12
1wire_logger	2024-06-09T11:00:01	22.19	23.00	28.06	22.50	22.50	22.12
1wire_logger	2024-06-09T11:15:01	22.19	22.94	25.94	22.50	22.50	22.12
1wire_logger	2024-06-09T11:30:01	22.31	23.00	27.38	22.62	22.62	22.25
1wire_logger	2024-06-09T11:45:01	22.31	23.19	28.75	22.62	22.62	22.25
1wire_logger	2024-06-09T12:00:01	22.31	23.25	29.06	22.62	22.62	22.25
1wire_logger	2024-06-09T12:15:01	22.31	23.31	29.12	22.62	22.62	22.31
1wire_logger	2024-06-09T12:30:01	22.31	23.31	29.12	22.62	22.69	22.31
1wire_logger	2024-06-09T12:45:01	22.31	23.31	29.31	22.69	22.69	22.31
1wire_logger	2024-06-09T13:00:01	22.31	23.38	29.50	22.69	22.69	22.38
1wire_logger	2024-06-09T13:15:01	22.38	23.38	29.38	22.69	22.75	22.38
1wire_logger	2024-06-09T13:30:01	22.38	23.44	29.38	22.75	22.75	22.38
1wire_logger	2024-06-09T13:45:01	22.38	23.44	29.50	22.75	22.75	22.38
1wire_logger	2024-06-09T14:00:01	22.44	23.44	29.44	22.75	22.75	22.38
1wire_logger	2024-06-09T14:15:01	22.44	23.50	29.50	22.75	22.75	22.44
1wire_logger	2024-06-09T14:30:01	22.44	23.50	29.44	22.81	22.81	22.44
1wire_logger	2024-06-09T14:45:01	22.44	23.50	29.50	22.81	22.81	22.44
1wire_logger	2024-06-09T15:00:01	22.44	23.56	29.62	22.81	22.88	22.44
1wire_logger	2024-06-09T15:15:01	22.50	23.56	29.56	22.88	22.88	22.50
1wire_logger	2024-06-09T15:30:01	22.50	23.62	29.56	22.88	22.88	22.50
1wire_logger	2024-06-09T15:45:01	22.50	23.56	29.62	22.88	22.94	22.50
1wire_logger	2024-06-09T16:00:01	22.56	23.62	29.62	22.88	22.94	22.56
1wire_logger	2024-06-09T16:15:01	22.56	23.69	29.62	22.94	22.94	22.56
1wire_logger	2024-06-09T16:30:01	22.56	23.69	29.69	22.94	22.94	22.56
1wire_logger	2024-06-09T16:45:01	22.62	23.69	29.69	22.94	23.00	22.56
1wire_logger	2024-06-09T17:00:01	22.62	23.69	29.75	23.00	23.00	22.62
1wire_logger	2024-06-09T17:15:01	22.62	23.75	29.81	23.00	23.00	22.62
1wire_logger	2024-06-09T17:30:01	22.69	23.81	29.88	23.00	23.06	22.62
1wire_logger	2024-06-09T17:45:01	22.69	23.81	29.94	23.06	23.06	22.69
1wire_logger	2024-06-09T18:00:01	22.75	23.81	30.00	23.06	23.12	22.69
1wire_logger	2024-06-09T18:15:01	22.75	23.88	29.88	23.12	23.12	22.69
1wire_logger	2024-06-09T18:30:01	22.75	23.88	29.88	23.12	23.12	22.75
1wire_logger	2024-06-09T18:45:01	22.75	23.88	29.88	23.12	23.12	22.75
1wire_logger	2024-06-09T19:00:01	22.75	23.88	29.81	23.12	23.12	22.75
1wire_logger	2024-06-09T19:15:01	22.81	23.88	29.81	23.12	23.19	22.75
1wire_logger	2024-06-09T19:30:01	22.81	23.88	30.06	23.12	23.19	22.75
1wire_logger	2024-06-09T19:45:01	22.81	23.94	29.88	23.12	23.19	22.75
1wire_logger	2024-06-09T20:00:01	22.81	23.69	27.62	23.19	23.12	22.75
1wire_logger	2024-06-09T20:15:01	22.81	23.56	26.00	23.12	23.06	22.75
1wire_logger	2024-06-09T20:30:01	22.81	23.50	25.12	23.19	23.00	22.75
1wire_logger	2024-06-09T20:45:01	22.75	23.38	24.44	23.19	23.00	22.69
1wire_logger	2024-06-09T21:00:01	22.75	23.25	24.00	23.12	22.94	22.69
1wire_logger	2024-06-09T21:15:01	22.69	23.12	23.44	23.12	22.94	22.69
1wire_logger	2024-06-09T21:30:02	22.62	23.00	23.00	23.06	22.94	22.62
1wire_logger	2024-06-09T21:45:01	22.56	22.88	22.81	23.00	22.88	22.62
1wire_logger	2024-06-09T22:00:02	22.50	22.81	22.69	23.00	22.75	22.56
1wire_logger	2024-06-09T22:15:02	22.50	22.75	22.56	22.94	22.75	22.50
1wire_logger	2024-06-09T22:30:02	22.44	22.69	22.44	22.88	22.75	22.50
1wire_logger	2024-06-09T22:45:02	22.44	22.62	22.38	22.88	22.75	22.44
1wire_logger	2024-06-09T23:00:01	22.38	22.56	22.25	22.81	22.69	22.44
1wire_logger	2024-06-09T23:15:01	22.31	22.50	22.25	22.75	22.62	22.38
1wire_logger	2024-06-09T23:30:01	22.31	22.44	22.12	22.69	22.50	22.31
1wire_logger	2024-06-09T23:45:01	22.25	22.38	22.06	22.69	22.62	22.25
1wire_logger	2024-06-10T00:00:02	22.25	22.31	22.00	22.62	22.56	22.25
1wire_logger	2024-06-10T00:15:02	22.19	22.31	21.94	22.62	22.56	22.19
1wire_logger	2024-06-10T00:30:02	22.19	22.25	21.94	22.56	22.50	22.19
1wire_logger	2024-06-10T00:45:01	22.12	22.25	21.88	22.50	22.50	22.19
1wire_logger	2024-06-10T01:00:01	22.12	22.19	21.88	22.50	22.44	22.12
1wire_logger	2024-06-10T01:15:01	22.12	22.19	21.81	22.50	22.44	22.12
1wire_logger	2024-06-10T01:30:01	22.06	22.12	21.81	22.44	22.44	22.12
1wire_logger	2024-06-10T01:45:01	22.06	22.12	21.75	22.44	22.31	22.06
1wire_logger	2024-06-10T02:00:02	22.00	22.06	21.75	22.38	22.38	22.06
1wire_logger	2024-06-10T02:15:02	22.00	22.06	21.75	22.38	22.31	22.00
1wire_logger	2024-06-10T02:30:01	21.94	22.00	21.69	22.38	22.31	22.00
1wire_logger	2024-06-10T02:45:01	21.94	22.00	21.69	22.31	22.31	21.94
1wire_logger	2024-06-10T03:00:01	21.94	22.00	21.62	22.25	22.25	21.94
1wire_logger	2024-06-10T03:15:01	21.88	21.94	21.62	22.25	22.19	21.94
1wire_logger	2024-06-10T03:30:02	21.88	21.94	21.56	22.25	22.19	21.88
1wire_logger	2024-06-10T03:45:02	21.81	21.88	21.56	22.19	22.19	21.88
1wire_logger	2024-06-10T04:00:02	21.81	21.88	21.56	22.19	22.19	21.81
1wire_logger	2024-06-10T04:15:01	21.75	21.88	21.50	22.19	22.19	21.81
1wire_logger	2024-06-10T04:30:01	21.75	21.81	21.50	22.12	22.12	21.81
1wire_logger	2024-06-10T04:45:01	21.75	21.81	21.50	22.12	22.12	21.75
1wire_logger	2024-06-10T05:00:02	21.69	21.81	21.44	22.06	22.12	21.75
1wire_logger	2024-06-10T05:15:02	21.69	21.75	21.44	22.06	22.06	21.69
1wire_logger	2024-06-10T05:30:01	21.62	21.69	21.38	22.00	22.06	21.69
1wire_logger	2024-06-10T05:45:01	21.62	21.69	21.38	22.00	22.06	21.69
1wire_logger	2024-06-10T06:00:01	21.56	21.69	21.31	21.94	22.00	21.62
1wire_logger	2024-06-10T06:15:01	21.56	21.62	21.31	21.94	22.00	21.62
1wire_logger	2024-06-10T06:30:01	21.56	21.62	21.31	21.88	21.94	21.56
1wire_logger	2024-06-10T06:45:02	21.56	21.62	21.25	21.88	22.00	21.56
1wire_logger	2024-06-10T07:00:02	21.50	21.62	21.25	21.88	22.00	21.56
1wire_logger	2024-06-10T07:15:02	21.56	21.56	21.25	21.88	22.00	21.56
1wire_logger	2024-06-10T07:30:02	21.50	21.56	21.25	21.88	22.00	21.56
1wire_logger	2024-06-10T07:45:01	21.56	21.56	21.31	21.94	21.94	21.56
1wire_logger	2024-06-10T08:00:01	21.56	21.69	21.44	21.94	21.94	21.50
1wire_logger	2024-06-10T08:15:02	21.62	21.69	21.50	21.94	21.94	21.56
1wire_logger	2024-06-10T08:30:01	21.62	21.69	21.50	22.00	22.00	21.56
1wire_logger	2024-06-10T08:45:02	21.69	22.69	22.88	22.06	22.06	21.56
1wire_logger	2024-06-10T09:00:02	21.81	23.50	26.25	22.19	22.19	21.62
1wire_logger	2024-06-10T09:15:02	21.94	22.94	27.81	22.25	22.25	21.69
1wire_logger	2024-06-10T09:30:02	21.94	22.81	28.62	22.31	22.31	21.75
1wire_logger	2024-06-10T09:45:01	22.06	22.88	28.94	22.38	22.38	21.75
1wire_logger	2024-06-10T10:00:01	22.06	22.88	29.12	22.44	22.38	21.81
1wire_logger	2024-06-10T10:15:01	22.12	23.00	29.38	22.50	22.44	21.88
1wire_logger	2024-06-10T10:30:02	22.19	23.06	29.56	22.50	22.50	21.94
1wire_logger	2024-06-10T10:45:02	22.19	23.12	29.62	22.62	22.56	22.00
1wire_logger	2024-06-10T11:00:01	22.38	23.31	29.81	22.75	22.69	22.12
1wire_logger	2024-06-10T11:15:01	22.44	23.38	29.88	22.81	22.75	22.19
1wire_logger	2024-06-10T11:30:01	22.50	23.56	30.00	22.88	22.81	22.25
1wire_logger	2024-06-10T11:45:01	22.56	23.62	30.31	22.94	22.88	22.31
1wire_logger	2024-06-10T12:00:02	22.56	23.69	30.25	23.00	22.94	22.38
1wire_logger	2024-06-10T12:15:02	22.56	23.62	30.00	22.94	22.94	22.44
1wire_logger	2024-06-10T12:30:02	22.62	23.62	30.06	22.94	22.94	22.44
1wire_logger	2024-06-10T12:45:01	22.62	23.69	30.06	23.00	23.00	22.50
1wire_logger	2024-06-10T13:00:01	22.69	23.62	30.06	23.00	23.00	22.50
1wire_logger	2024-06-10T13:15:02	22.69	23.69	30.00	23.06	23.06	22.56
1wire_logger	2024-06-10T13:30:01	22.75	23.75	30.06	23.12	23.06	22.56
1wire_logger	2024-06-10T13:45:01	22.75	23.75	30.25	23.19	23.12	22.62
1wire_logger	2024-06-10T14:00:02	22.81	23.75	30.25	23.19	23.12	22.62
1wire_logger	2024-06-10T14:15:02	22.94	23.94	30.38	23.25	23.25	22.69
1wire_logger	2024-06-10T14:30:02	23.00	24.12	30.50	23.31	23.31	22.75
1wire_logger	2024-06-10T14:45:01	23.12	24.31	31.00	23.38	23.44	22.81
1wire_logger	2024-06-10T15:00:01	23.19	24.38	31.12	23.44	23.44	22.88
1wire_logger	2024-06-10T15:15:01	23.19	24.50	31.25	23.50	23.50	22.94
1wire_logger	2024-06-10T15:30:01	23.31	24.62	33.06	23.56	23.62	23.00
1wire_logger	2024-06-10T15:45:01	23.38	24.75	33.38	23.69	23.69	23.06
1wire_logger	2024-06-10T16:00:02	23.44	24.81	31.50	23.69	23.75	23.12
1wire_logger	2024-06-10T16:15:02	23.50	24.81	31.25	23.75	23.81	23.19
1wire_logger	2024-06-10T16:30:01	23.56	24.81	31.44	23.81	23.81	23.25
1wire_logger	2024-06-10T16:45:01	23.56	24.88	31.44	23.88	23.94	23.31
1wire_logger	2024-06-10T17:00:01	23.81	24.94	31.25	25.75	24.12	23.38
1wire_logger	2024-06-10T17:15:01	24.06	25.12	31.75	27.69	24.38	23.56
1wire_logger	2024-06-10T17:30:01	24.25	25.38	32.00	28.19	24.62	23.69
1wire_logger	2024-06-10T17:45:02	24.44	25.44	32.25	28.25	24.69	23.88
1wire_logger	2024-06-10T18:00:02	24.50	25.31	31.50	28.12	24.62	23.88
1wire_logger	2024-06-10T18:15:01	24.44	25.31	31.81	28.19	24.50	23.94
1wire_logger	2024-06-10T18:30:01	24.50	25.25	31.56	28.06	24.50	23.94
1wire_logger	2024-06-10T18:45:01	24.50	25.25	32.06	28.19	24.50	23.94
1wire_logger	2024-06-10T19:00:01	24.56	25.25	31.75	28.19	24.50	23.94
1wire_logger	2024-06-10T19:15:02	24.56	25.19	31.25	31.50	24.44	23.94
1wire_logger	2024-06-10T19:30:02	24.56	24.94	28.44	30.62	24.31	23.88
1wire_logger	2024-06-10T19:45:02	24.44	24.75	26.94	29.06	24.19	23.88
1wire_logger	2024-06-10T20:00:01	24.31	24.62	26.00	27.94	24.19	23.81
1wire_logger	2024-06-10T20:15:01	24.25	24.50	25.50	27.00	24.12	23.75
1wire_logger	2024-06-10T20:30:01	24.12	24.38	25.12	26.38	24.00	23.69
1wire_logger	2024-06-10T20:45:01	24.00	24.25	24.69	25.94	23.94	23.62
1wire_logger	2024-06-10T21:00:02	23.94	24.12	24.31	25.50	23.88	23.62
1wire_logger	2024-06-10T21:15:02	23.81	24.00	24.06	25.12	23.81	23.56
1wire_logger	2024-06-10T21:30:02	23.75	23.88	23.69	24.81	23.81	23.50
1wire_logger	2024-06-10T21:45:01	23.69	23.75	23.62	24.56	23.75	23.44
1wire_logger	2024-06-10T22:00:01	23.56	23.69	23.50	24.38	23.69	23.38
1wire_logger	2024-06-10T22:15:01	23.50	23.56	23.31	24.19	23.62	23.31
1wire_logger	2024-06-10T22:30:01	23.44	23.44	23.25	24.06	23.62	23.25
1wire_logger	2024-06-10T22:45:01	23.38	23.31	23.00	23.94	23.56	23.25
1wire_logger	2024-06-10T23:00:02	23.25	23.25	22.94	23.75	23.44	23.12
1wire_logger	2024-06-10T23:15:02	23.19	23.12	22.88	23.62	23.38	23.06
1wire_logger	2024-06-10T23:30:01	23.06	23.00	22.75	23.56	23.31	23.00
1wire_logger	2024-06-10T23:45:01	23.00	22.94	22.69	23.44	23.19	22.94
1wire_logger	2024-06-11T00:00:01	22.94	22.88	22.56	23.38	23.12	22.81
1wire_logger	2024-06-11T00:15:01	22.88	22.81	22.44	23.25	23.06	22.75
1wire_logger	2024-06-11T00:30:01	22.81	22.75	22.38	23.12	23.00	22.75
1wire_logger	2024-06-11T00:45:01	22.75	22.69	22.38	23.06	22.94	22.62
1wire_logger	2024-06-11T01:00:01	22.69	22.62	22.31	23.00	22.88	22.56
1wire_logger	2024-06-11T01:15:01	22.62	22.56	22.25	22.94	22.81	22.56
1wire_logger	2024-06-11T01:30:01	22.56	22.50	22.19	22.88	22.75	22.50
1wire_logger	2024-06-11T01:45:01	22.50	22.44	22.12	22.81	22.69	22.44
1wire_logger	2024-06-11T02:00:01	22.44	22.44	22.12	22.75	22.69	22.38
1wire_logger	2024-06-11T02:15:01	22.38	22.38	22.06	22.75	22.62	22.38
